PROPERTY_TOTAL_VALUE,AREA_EN,ACTUAL_AREA,PROCEDURE_YEAR,PROCEDURE_NUMBER,INSTANCE_DATE,ACTUAL_WORTH,PROCEDURE_AREA,PROPERTY_TYPE_EN,PROP_SUB_TYPE_EN
"54024","Saih Shuaib 2","16.73","2026","831","2026-02-05 11:04:42","54024","16.73","Land",""
"63028","Saih Shuaib 3","16.73","2026","832","2026-02-05 11:11:02","63028","16.73","Land",""
"82079","Al Mamzer","7625.48","2026","1897","2026-04-13 10:13:36","82079","7625.48","Land","Residential"
"100131","Madinat Hind 4","37.21","2026","840","2026-02-05 11:38:29","100131","37.21","Land",""
"100320","Al Yelayiss 2","37.28","2026","838","2026-02-05 11:30:59","100320","37.28","Land",""
"105136","Al Yufrah 1","39.07","2026","837","2026-02-05 11:25:50","105136","39.07","Land","Government Housing"
"143122","Al Hebiah Sixth","37.99","2026","833","2026-02-05 11:16:32","143122","37.99","Land",""
"185225","Al Thanyah First","43.02","2026","829","2026-02-05 10:58:34","185225","43.02","Land",""
"269098","Al Qusais Industrial Fifth","100","2026","934","2026-02-10 11:20:16","269098","100","Land",""
"302364","Al Warsan First","45","2026","41","2026-01-05 08:44:28","302363.68","45","Unit","Flat"
"308870","Me'Aisem First","114.78","2026","835","2026-02-05 11:21:13","308870","114.78","Land",""
"321771","Muhaisanah Second","45.99","2026","1005","2026-02-12 10:34:34","321771","45.99","Land",""
"352755","Warsan Fourth","36.04","2026","2045","2026-04-20 15:17:18","352755.26","36.04","Unit","Flat"
"450167","Me'Aisem First","49.08","2026","78","2026-01-05 21:27:38","450167.15","49.08","Unit","Flat"
"467286","Me'Aisem First","51.94","2026","2","2026-01-02 07:53:39","467285.5","51.94","Unit","Flat"
"467387","Me'Aisem First","51.94","2026","132","2026-01-06 21:29:32","467386.54","51.94","Unit","Flat"
"471159","Nadd Hessa","45.58","2026","1108","2026-02-16 15:40:44","471159.41","45.58","Unit","Flat"
"474366","Me'Aisem First","52.76","2026","77","2026-01-05 21:24:51","474366.36","52.76","Unit","Flat"
"476020","Me'Aisem First","53.12","2026","128","2026-01-06 21:16:23","476020.36","53.12","Unit","Flat"
"476776","Me'Aisem First","53.1","2026","131","2026-01-06 21:26:29","476776.34","53.1","Unit","Flat"
"476875","Me'Aisem First","53.1","2026","195","2026-01-08 20:53:47","476875.19","53.1","Unit","Flat"
"477052","Nadd Hessa","45.87","2026","1105","2026-02-16 15:13:38","477051.86","45.87","Unit","Flat"
"477943","Me'Aisem First","53.51","2026","123","2026-01-06 21:04:29","477943.13","53.51","Unit","Flat"
"479192","Me'Aisem First","53.5","2026","193","2026-01-08 20:49:19","479192.06","53.5","Unit","Flat"
"480045","Me'Aisem First","53.49","2026","199","2026-01-08 21:02:05","480044.56","53.49","Unit","Flat"
"480144","Me'Aisem First","53.49","2026","80","2026-01-05 21:33:33","480144.14","53.49","Unit","Flat"
"483230","Me'Aisem First","54.26","2026","111","2026-01-06 20:29:16","483229.76","54.26","Unit","Flat"
"484362","Me'Aisem First","54.26","2026","206","2026-01-08 21:17:27","484361.94","54.26","Unit","Flat"
"487754","Me'Aisem First","54.49","2026","82","2026-01-05 21:38:56","487754.33","54.49","Unit","Flat"
"489155","Al Warsan First","85","2026","38","2026-01-05 08:23:33","489155.01","85","Unit","Flat"
"495635","Me'Aisem First","55.64","2026","1","2026-01-02 07:47:24","495635.2","55.64","Unit","Flat"
"495815","Me'Aisem First","55.64","2026","75","2026-01-05 21:18:32","495814.97","55.64","Unit","Flat"
"495815","Me'Aisem First","55.64","2026","76","2026-01-05 21:21:49","495814.97","55.64","Unit","Flat"
"496791","Me'Aisem First","55.66","2026","129","2026-01-06 21:18:32","496790.93","55.66","Unit","Flat"
"496971","Me'Aisem First","55.66","2026","341","2026-01-14 10:13:34","496970.76","55.66","Unit","Flat"
"497556","Me'Aisem First","55.87","2026","209","2026-01-08 21:24:19","497555.88","55.87","Unit","Flat"
"497585","Me'Aisem First","55.9","2026","212","2026-01-08 21:30:45","497585.03","55.9","Unit","Flat"
"497674","Me'Aisem First","55.91","2026","338","2026-01-14 10:07:50","497674.04","55.91","Unit","Flat"
"497674","Me'Aisem First","55.91","2026","213","2026-01-08 21:35:43","497674.04","55.91","Unit","Flat"
"497674","Me'Aisem First","55.91","2026","201","2026-01-08 21:08:37","497674.04","55.91","Unit","Flat"
"497674","Me'Aisem First","55.91","2026","194","2026-01-08 20:51:28","497674.04","55.91","Unit","Flat"
"497736","Me'Aisem First","55.87","2026","68","2026-01-05 20:23:45","497736.39","55.87","Unit","Flat"
"497766","Me'Aisem First","55.9","2026","67","2026-01-05 20:17:46","497765.63","55.9","Unit","Flat"
"497855","Me'Aisem First","55.91","2026","71","2026-01-05 20:43:56","497854.68","55.91","Unit","Flat"
"497855","Me'Aisem First","55.91","2026","70","2026-01-05 20:36:34","497854.68","55.91","Unit","Flat"
"497855","Me'Aisem First","55.91","2026","69","2026-01-05 20:30:00","497854.68","55.91","Unit","Flat"
"497855","Me'Aisem First","55.91","2026","112","2026-01-06 20:31:58","497854.68","55.91","Unit","Flat"
"498915","Me'Aisem First","55.97","2026","192","2026-01-08 20:46:45","498914.71","55.97","Unit","Flat"
"499096","Me'Aisem First","55.97","2026","113","2026-01-06 20:34:39","499095.55","55.97","Unit","Flat"
"501882","Me'Aisem First","56.39","2026","207","2026-01-08 21:19:35","501881.86","56.39","Unit","Flat"
"501916","Me'Aisem First","56.39","2026","339","2026-01-14 10:10:05","501916.46","56.39","Unit","Flat"
"502324","Me'Aisem First","56.39","2026","197","2026-01-08 20:58:04","502324.38","56.39","Unit","Flat"
"502359","Me'Aisem First","56.39","2026","5","2026-01-02 08:06:40","502358.97","56.39","Unit","Flat"
"506815","Me'Aisem First","57.94","2026","125","2026-01-06 21:09:05","506814.66","57.94","Unit","Flat"
"507127","Me'Aisem First","57.95","2026","115","2026-01-06 20:41:54","507127.33","57.95","Unit","Flat"
"508067","Me'Aisem First","57.53","2026","74","2026-01-05 21:16:23","508066.88","57.53","Unit","Flat"
"508224","Me'Aisem First","57.53","2026","198","2026-01-08 21:00:03","508224.24","57.53","Unit","Flat"
"508759","Me'Aisem First","57.94","2026","204","2026-01-08 21:12:41","508759.05","57.94","Unit","Flat"
"508759","Me'Aisem First","57.94","2026","203","2026-01-08 21:10:16","508759.05","57.94","Unit","Flat"
"508889","Me'Aisem First","57.94","2026","196","2026-01-08 20:55:51","508888.95","57.94","Unit","Flat"
"508981","Me'Aisem First","58.18","2026","122","2026-01-06 21:02:05","508980.79","58.18","Unit","Flat"
"509156","Me'Aisem First","58.2","2026","116","2026-01-06 20:43:49","509155.75","58.2","Unit","Flat"
"509554","Me'Aisem First","58.27","2026","124","2026-01-06 21:07:00","509554.13","58.27","Unit","Flat"
"509776","Me'Aisem First","57.91","2026","81","2026-01-05 21:36:20","509776.11","57.91","Unit","Flat"
"509935","Me'Aisem First","57.91","2026","208","2026-01-08 21:22:07","509934.51","57.91","Unit","Flat"
"510214","Me'Aisem First","58.08","2026","190","2026-01-08 20:40:59","510214.07","58.08","Unit","Flat"
"510569","Al Barsha South Fifth","39.53","2026","2070","2026-04-22 05:02:41","510569.28","39.53","Unit","Flat"
"510862","Wadi Al Safa 2","77.71","2026","183","2026-01-08 13:09:06","510861.78","77.71","Unit","Flat"
"510933","Me'Aisem First","58.18","2026","210","2026-01-08 21:26:35","510933.24","58.18","Unit","Flat"
"510933","Me'Aisem First","58.18","2026","126","2026-01-06 21:11:57","510933.24","58.18","Unit","Flat"
"510933","Me'Aisem First","58.18","2026","127","2026-01-06 21:13:53","510933.24","58.18","Unit","Flat"
"510933","Me'Aisem First","58.18","2026","211","2026-01-08 21:28:56","510933.24","58.18","Unit","Flat"
"511064","Me'Aisem First","58.18","2026","117","2026-01-06 20:46:12","511063.67","58.18","Unit","Flat"
"511064","Me'Aisem First","58.18","2026","121","2026-01-06 20:55:19","511063.67","58.18","Unit","Flat"
"511064","Me'Aisem First","58.18","2026","133","2026-01-06 21:37:26","511063.67","58.18","Unit","Flat"
"511064","Me'Aisem First","58.18","2026","135","2026-01-06 21:43:27","511063.67","58.18","Unit","Flat"
"511109","Me'Aisem First","58.2","2026","191","2026-01-08 20:44:33","511108.87","58.2","Unit","Flat"
"511239","Me'Aisem First","58.2","2026","118","2026-01-06 20:49:37","511239.35","58.2","Unit","Flat"
"511510","Me'Aisem First","58.27","2026","205","2026-01-08 21:14:59","511509.6","58.27","Unit","Flat"
"518480","Jabal Ali First","37.17","2026","1480","2026-03-13 05:15:49","518480.32","37.17","Unit","Flat"
"520070","Me'Aisem First","59.67","2026","83","2026-01-05 21:44:50","520069.96","59.67","Unit","Flat"
"521695","Jabal Ali","45","2026","540","2026-01-22 09:08:24","521695.04","45","Unit","Flat"
"523379","Madinat Hind 4","39.31","2026","480","2026-01-20 10:36:24","523378.87","39.31","Unit","Flat"
"524838","Me'Aisem First","60.44","2026","120","2026-01-06 20:53:16","524838.12","60.44","Unit","Flat"
"525047","Me'Aisem First","60.19","2026","3","2026-01-02 07:57:03","525046.97","60.19","Unit","Flat"
"525239","Me'Aisem First","60.19","2026","130","2026-01-06 21:20:18","525239.26","60.19","Unit","Flat"
"526225","Me'Aisem First","60.23","2026","134","2026-01-06 21:40:08","526225.04","60.23","Unit","Flat"
"540849","Me'Aisem First","60.59","2026","119","2026-01-06 20:51:31","540848.8","60.59","Unit","Flat"
"541684","Me'Aisem First","60.59","2026","4","2026-01-02 07:59:40","541684.15","60.59","Unit","Flat"
"563051","Me'Aisem First","66.62","2026","79","2026-01-05 21:31:18","563050.54","66.62","Unit","Flat"
"564941","Me'Aisem First","67.36","2026","114","2026-01-06 20:39:57","564941.03","67.36","Unit","Flat"
"572215","Business Bay","27.31","2026","248","2026-01-12 10:39:31","572215.09","27.31","Unit","Office"
"583452","Al Barshaa South Second","38.73","2026","662","2026-01-28 12:47:17","583451.96","38.73","Unit","Flat"
"586232","Nadd Hessa","75.12","2026","1291","2026-02-26 09:38:21","586232.22","75.12","Unit","Flat"
"607504","Al Muteena","125.42","2026","891","2026-02-09 11:25:13","607504","125.42","Land","Commercial"
"613321","Nadd Hessa","79.45","2026","1292","2026-02-26 09:45:30","613320.64","79.45","Unit","Flat"
"625948","Nadd Hessa","79.11","2026","1281","2026-02-25 12:31:15","625947.97","79.11","Unit","Flat"
"635366","Al Barsha South Fourth","69.74","2026","1257","2026-02-24 13:09:43","635365.76","69.74","Unit","Flat"
"649009","Al Muteena","120.59","2026","785","2026-02-03 16:23:14","649009","120.59","Land","Commercial"
"656088","Nadd Hessa","78.56","2026","1293","2026-02-26 09:52:47","656087.77","78.56","Unit","Flat"
"670103","Al Barshaa South Third","83.06","2026","272","2026-01-12 16:33:08","670103.28","83.06","Unit","Flat"
"682396","Nadd Hessa","89.92","2026","1373","2026-03-04 11:25:38","682395.72","89.92","Unit","Flat"
"684803","Business Bay","29.2","2026","1015","2026-02-12 12:33:36","684803.14","29.2","Unit","Office"
"712742","Business Bay","38.31","2026","1155","2026-02-18 12:39:41","712741.5","38.31","Unit","Flat"
"716056","Rega Al Buteen","85.75","2026","299","2026-01-13 11:34:11","716055.85","85.75","Unit","Flat"
"726415","Al Hebiah Fourth","86.01","2026","292","2026-01-13 11:11:19","726415.17","86.01","Unit","Flat"
"733204","Al Hebiah Fourth","87.12","2026","296","2026-01-13 11:21:05","733203.5","87.12","Unit","Flat"
"737904","Al Barshaa South Third","58.18","2026","584","2026-01-23 21:15:42","737904.25","58.18","Unit","Office"
"740149","Jabal Ali","78","2026","877","2026-02-07 17:46:36","740148.58","78","Unit","Flat"
"744795","Al Hebiah Fourth","89.21","2026","286","2026-01-13 10:39:10","744794.99","89.21","Unit","Flat"
"745706","Al Hebiah Fourth","89.21","2026","289","2026-01-13 10:55:45","745706.03","89.21","Unit","Flat"
"745748","Al Hebiah Fourth","89.21","2026","284","2026-01-13 10:29:37","745747.78","89.21","Unit","Flat"
"747083","Al Hebiah Fourth","89.21","2026","298","2026-01-13 11:25:58","747082.97","89.21","Unit","Flat"
"747294","Al Hebiah Fourth","89.21","2026","291","2026-01-13 11:07:04","747293.75","89.21","Unit","Flat"
"748589","Al Hebiah Fourth","89.79","2026","290","2026-01-13 11:01:45","748589.1","89.79","Unit","Flat"
"757113","Al Merkadh","29.07","2026","1973","2026-04-16 15:51:52","757112.5","29.07","Unit","Flat"
"758221","Al Hebiah Fourth","92.18","2026","297","2026-01-13 11:23:40","758220.71","92.18","Unit","Flat"
"759410","Al Hebiah Fourth","92.34","2026","294","2026-01-13 11:17:45","759409.71","92.34","Unit","Flat"
"777625","Al Yelayiss 2","44.54","2026","2050","2026-04-21 08:20:08","777624.68","44.54","Unit","Flat"
"778929","Nadd Hessa","97.26","2026","1289","2026-02-26 09:19:44","778928.75","97.26","Unit","Flat"
"780452","Nadd Hessa","97.26","2026","1290","2026-02-26 09:29:53","780452.27","97.26","Unit","Flat"
"781849","Al Hebiah Fourth","93.63","2026","288","2026-01-13 10:48:52","781849.17","93.63","Unit","Flat"
"781915","Nadd Hessa","97.26","2026","1288","2026-02-26 09:13:06","781915.28","97.26","Unit","Flat"
"782175","Al Hebiah Fourth","93.63","2026","287","2026-01-13 10:43:56","782174.7","93.63","Unit","Flat"
"784149","Al Hebiah Fourth","94.2","2026","293","2026-01-13 11:14:29","784148.5","94.2","Unit","Flat"
"798464","Al Hebiah Third","43.67","2026","109","2026-01-06 19:49:21","798464.16","43.67","Unit","Hotel Rooms"
"798518","Business Bay","37.86","2026","367","2026-01-14 13:19:11","798518.23","37.86","Unit","Flat"
"800000","Wadi Al Safa 3","35.97","2026","1382","2026-03-04 14:06:00","800000","35.97","Unit","Flat"
"812463","Warsan Fourth","77.75","2026","1915","2026-04-13 14:37:01","812462.51","77.75","Unit","Flat"
"820360","Wadi Al Safa 5","115.86","2026","1246","2026-02-24 12:03:34","820359.69","115.86","Unit","Flat"
"826027","Al Thanyah First","51","2026","1031","2026-02-12 18:38:49","826027.44","51","Unit","Flat"
"827258","Al Barsha South Fourth","63.95","2026","2079","2026-04-22 10:45:18","827257.69","63.95","Unit","Flat"
"841501","Al Barshaa South Third","68.64","2026","1559","2026-03-18 19:02:49","841500.72","68.64","Unit","Flat"
"844839","Al Hebiah Fifth","93.73","2026","1297","2026-02-26 11:24:21","844839.27","93.73","Unit","Flat"
"854676","Nadd Hessa","84.73","2026","1695","2026-03-31 10:33:21","854675.73","84.73","Unit","Flat"
"874572","Business Bay","49.59","2026","249","2026-01-12 10:47:20","874572.33","49.59","Unit","Office"
"877158","Al Barsha South Fourth","56.55","2026","1214","2026-02-23 12:58:47","877157.53","56.55","Unit","Flat"
"878906","Um Hurair Second","51.76","2026","2006","2026-04-17 12:17:38","878906.47","51.76","Unit","Flat"
"882529","Al Hebiah Fourth","101.01","2026","1508","2026-03-16 10:28:31","882528.92","101.01","Unit","Flat"
"886691","Al Barshaa South Third","79.47","2026","2114","2026-04-23 15:49:51","886691.33","79.47","Unit","Flat"
"887456","Al Barsha South Fourth","72.05","2026","1633","2026-03-26 01:25:36","887455.98","72.05","Unit","Flat"
"891315","Al Barsha South Fourth","57.37","2026","1208","2026-02-23 12:44:37","891315.29","57.37","Unit","Flat"
"893541","Um Hurair Second","52.62","2026","2010","2026-04-17 12:35:25","893540.98","52.62","Unit","Flat"
"895803","Al Barsha South Fourth","57.39","2026","1215","2026-02-23 13:02:13","895803.42","57.39","Unit","Flat"
"897330","Al Barsha South Fourth","57.46","2026","1207","2026-02-23 12:40:50","897329.96","57.46","Unit","Flat"
"912753","Dubai Investment Park Second","143.03","2026","138","2026-01-07 09:08:58","912753.13","143.03","Unit","Flat"
"916910","Al Barsha South Fourth","100.89","2026","99","2026-01-06 13:41:55","916909.98","100.89","Unit","Flat"
"924976","Al Barshaa South Third","75.37","2026","1777","2026-04-06 11:31:23","924976.49","75.37","Unit","Flat"
"930838","Marsa Dubai","47.73","2026","1793","2026-04-07 08:23:09","930838.18","47.73","Unit","Flat"
"936840","Al Barsha South Fourth","75.13","2026","2078","2026-04-22 10:36:48","936840.49","75.13","Unit","Flat"
"960778","Business Bay","43.82","2026","305","2026-01-13 13:32:45","960777.73","43.82","Unit","Flat"
"962216","Marsa Dubai","41.42","2026","1486","2026-03-13 11:20:38","962216.11","41.42","Unit","Flat"
"963565","Business Bay","43.99","2026","302","2026-01-13 12:42:22","963565.35","43.99","Unit","Flat"
"963975","Um Hurair Second","57.09","2026","1874","2026-04-09 15:53:09","963975.36","57.09","Unit","Flat"
"964754","Um Hurair Second","57.27","2026","2009","2026-04-17 12:31:35","964753.89","57.27","Unit","Flat"
"964754","Um Hurair Second","57.27","2026","2000","2026-04-17 11:51:33","964753.89","57.27","Unit","Flat"
"965157","Um Hurair Second","57.16","2026","2005","2026-04-17 12:12:52","965157.33","57.16","Unit","Flat"
"978559","Al Barsha South Fourth","87.81","2026","452","2026-01-19 09:28:12","978559.15","87.81","Unit","Flat"
"982452","Al Jadaf","67.78","2026","172","2026-01-08 11:07:11","982452.03","67.78","Unit","Flat"
"988287","Al Barsha South Fourth","61.21","2026","866","2026-02-06 11:11:17","988287","61.21","Unit","Flat"
"990286","Wadi Al Safa 2","157.23","2026","37","2026-01-04 19:15:01","990285.94","157.23","Unit","Flat"
"1000000","Al Muteena","183.95","2026","1623","2026-03-25 10:41:45","1000000","183.95","Land","Commercial"
"1001097","Hor Al Anz","185.81","2026","1533","2026-03-17 11:15:45","1001097","186.01","Land","Residential"
"1010307","Al Barshaa South Third","84.15","2026","583","2026-01-23 21:11:26","1010307.35","84.15","Unit","Office"
"1018258","Me'Aisem First","129.14","2026","1481","2026-03-13 09:22:48","1018258.33","129.14","Unit","Flat"
"1033109","Al Hebiah Fourth","112.48","2026","1483","2026-03-13 09:31:35","1033109.14","112.48","Unit","Flat"
"1035916","Business Bay","37.9","2026","1560","2026-03-19 10:46:41","1035915.59","37.9","Unit","Flat"
"1055745","Warsan Fourth","105.82","2026","1914","2026-04-13 14:33:35","1055745.02","105.82","Unit","Flat"
"1064414","Business Bay","68.53","2026","731","2026-02-02 12:53:37","1064413.52","68.53","Unit","Office"
"1074355","Al Merkadh","55.45","2026","1413","2026-03-09 09:31:00","1074355.39","55.45","Unit","Flat"
"1080007","Al Muteena","250.84","2026","900","2026-02-09 12:51:42","1080007","250.84","Land","Commercial"
"1085481","Al Jadaf","75.75","2026","620","2026-01-26 13:50:50","1085481.04","75.75","Unit","Flat"
"1100022","Al Muteena","185.81","2026","59","2026-01-05 13:30:21","1100022","185.81","Land","Commercial"
"1109712","Wadi Al Safa 4","130","2026","461","2026-01-19 10:20:27","1109711.57","130","Unit","Flat"
"1123751","Hor Al Anz","232.25","2026","1165","2026-02-19 10:40:46","1123751","232","Land","Residential"
"1125011","Hor Al Anz","232.26","2026","1166","2026-02-19 10:52:55","1125011","232.26","Land","Residential"
"1127353","Al Thanyah Third","63.19","2026","460","2026-01-19 10:14:45","1127353.48","63.19","Unit","Flat"
"1127683","Marsa Dubai","77.04","2026","1505","2026-03-16 09:56:39","1127682.62","77.04","Unit","Flat"
"1128245","Al Hebiah Fourth","135.06","2026","1510","2026-03-16 10:52:13","1128245.07","135.06","Unit","Flat"
"1131111","Um Hurair Second","68.35","2026","1996","2026-04-17 11:34:48","1131111.49","68.35","Unit","Flat"
"1135480","Al Thanyah Fifth","80.04","2026","1482","2026-03-13 09:26:13","1135479.93","80.04","Unit","Office"
"1154166","Um Hurair Second","67.89","2026","2011","2026-04-17 12:39:41","1154166.46","67.89","Unit","Flat"
"1159209","Um Hurair Second","70.05","2026","1999","2026-04-17 11:47:16","1159208.93","70.05","Unit","Flat"
"1177387","Business Bay","80.91","2026","843","2026-02-05 14:14:24","1177386.69","80.91","Unit","Flat"
"1182532","Al Barsha South Fourth","86.47","2026","451","2026-01-19 09:24:35","1182532.17","86.47","Unit","Flat"
"1184354","Burj Khalifa","59.06","2026","1822","2026-04-08 12:23:52","1184354.18","59.06","Unit","Office"
"1184547","Um Hurair Second","71.49","2026","2001","2026-04-17 11:56:16","1184546.73","71.49","Unit","Flat"
"1187607","Al Jadaf","65.65","2026","2115","2026-04-23 19:03:13","1187606.88","65.65","Unit","Flat"
"1191581","Warsan Fourth","120.7","2026","1916","2026-04-13 14:39:14","1191581.47","120.7","Unit","Flat"
"1194255","Al Hebiah Fourth","110.95","2026","1158","2026-02-18 12:44:07","1194255","110.95","Unit","Flat"
"1200000","Al Rashidiya","215.54","2026","1686","2026-03-31 09:20:25","1200000","215.54","Land","Residential"
"1200000","Al Waheda","232.26","2026","1557","2026-03-18 15:18:34","1200000","232.26","Land","Residential"
"1200000","Jabal Ali First","111.05","2026","1394","2026-03-05 12:07:40","1200000","111.05","Unit","Flat"
"1200000","Al Rashidiya","215.54","2026","849","2026-02-05 15:03:35","1200000","215.54","Land","Residential"
"1206285","Al Barshaa South Third","76","2026","1473","2026-03-12 12:14:39","1206284.87","76","Unit","Flat"
"1210000","Al Barsha South Fifth","64.45","2026","1360","2026-03-03 12:00:44","1210000","64.45","Unit","Flat"
"1240270","Al Thanyah Third","73.34","2026","459","2026-01-19 10:10:07","1240270.15","73.34","Unit","Flat"
"1244184","Marsa Dubai","87.46","2026","418","2026-01-15 22:01:24","1244183.63","87.46","Unit","Flat"
"1265017","Hor Al Anz","213.68","2026","1132","2026-02-17 10:09:48","1265017","213.68","Land","Residential"
"1269858","Al Yelayiss 2","91.31","2026","1488","2026-03-13 11:50:31","1269858.15","91.31","Unit","Flat"
"1270491","Madinat Al Mataar","92.27","2026","1726","2026-04-01 11:57:27","1270491.46","92.27","Unit","Flat"
"1276028","Eyal Nasser","107.77","2026","1330","2026-03-02 00:00:29","1276028","107.77","Land","Commercial"
"1281131","Al Thanyah Third","72.15","2026","1526","2026-03-16 14:28:37","1281130.65","72.15","Unit","Flat"
"1285790","Al Barsha South Fourth","88.96","2026","1217","2026-02-23 13:08:21","1285790.36","88.96","Unit","Flat"
"1287315","Al Barsha South Fourth","88.96","2026","1211","2026-02-23 12:52:53","1287314.83","88.96","Unit","Flat"
"1287524","Hor Al Anz","239.23","2026","668","2026-01-28 17:51:40","1287524","239.23","Land","Residential"
"1294144","Hor Al Anz","218.6","2026","312","2026-01-13 14:40:50","1294144","218.6","Land","Residential"
"1298593","Al Barsha South Fourth","89.52","2026","1206","2026-02-23 12:37:12","1298592.85","89.52","Unit","Flat"
"1300000","Al Rashidiya","332.31","2026","778","2026-02-03 11:38:37","1300000","332.31","Land","Residential"
"1300000","Al Waheda","232.26","2026","1776","2026-04-06 11:02:52","1300000","232.26","Land","Residential"
"1301312","Mirdif","150.78","2026","678","2026-01-29 08:20:04","1301311.66","150.78","Unit","Flat"
"1303130","Al Barsha South Fourth","89.73","2026","1210","2026-02-23 12:49:24","1303129.71","89.73","Unit","Flat"
"1314485","Nad Al Shiba First","105.89","2026","177","2026-01-08 12:01:43","1314484.87","105.89","Unit","Flat"
"1320015","Al Bada","222.97","2026","661","2026-01-28 11:07:21","1320015","222.97","Land","Residential"
"1324367","Al Thanyah Third","70.14","2026","1438","2026-03-10 10:50:52","1324366.89","70.14","Unit","Flat"
"1330216","Al Barsha South Fourth","87.96","2026","1216","2026-02-23 13:04:51","1330216.11","87.96","Unit","Flat"
"1332710","Burj Khalifa","94.11","2026","1243","2026-02-24 11:42:41","1332709.94","94.11","Unit","Office"
"1336015","Hor Al Anz","248.24","2026","1006","2026-02-12 10:45:07","1336015","248.24","Land","Residential"
"1346514","Al Thanyah Third","70.44","2026","2158","2026-04-27 18:35:42","1346513.71","70.44","Unit","Flat"
"1364970","Hor Al Anz","211.35","2026","1924","2026-04-14 09:55:02","1364970","211.35","Land","Residential"
"1365961","Jabal Ali First","100.89","2026","1876","2026-04-09 18:52:50","1365960.67","100.89","Unit","Flat"
"1371870","Um Hurair Second","86.33","2026","2008","2026-04-17 12:27:51","1371870.1","86.33","Unit","Flat"
"1375013","Abu Hail","232.26","2026","1700","2026-03-31 12:23:07","1375013","232.26","Land","Residential"
"1378857","Wadi Al Safa 5","160.26","2026","145","2026-01-07 10:26:13","1378857.27","160.26","Building","Villa"
"1400000","Al Rashidiya","334.45","2026","102","2026-01-06 14:37:01","1400000","334.45","Land","Residential"
"1400000","Al Waheda","232.26","2026","1523","2026-03-16 13:53:05","1400000","232.26","Land","Residential"
"1400000","Al Twar Fourth","306.58","2026","701","2026-01-31 19:15:57","1400000","306.58","Land","Residential"
"1400000","Al Barsha South Fourth","91.91","2026","954","2026-02-11 10:48:55","1400000","91.91","Unit","Flat"
"1400013","Abu Hail","464.52","2026","2035","2026-04-20 11:26:19","1400013","464.52","Land","Commercial"
"1413168","Business Bay","77.09","2026","1406","2026-03-06 11:11:44","1413167.68","77.09","Unit","Flat"
"1440632","Al Thanyah Fifth","102.7","2026","1484","2026-03-13 09:45:17","1440631.99","102.7","Unit","Office"
"1441017","Al Warsan Third","535.5","2026","2062","2026-04-21 12:22:02","1441017","535.5","Land","Residential / Attached Villas"
"1441017","Al Warsan Third","535.5","2026","1759","2026-04-02 17:36:58","1441017","535.5","Land","Residential / Attached Villas"
"1441017","Al Warsan Third","535.5","2026","2063","2026-04-21 12:29:35","1441017","535.5","Land","Residential / Attached Villas"
"1458598","Business Bay","77.08","2026","1551","2026-03-18 11:42:27","1458597.55","77.08","Unit","Flat"
"1461059","Al Thanyah Fifth","102.7","2026","1902","2026-04-13 12:17:21","1461058.79","102.7","Unit","Office"
"1480652","Hor Al Anz","239.23","2026","1113","2026-02-17 08:47:21","1480652","239.23","Land","Residential"
"1489164","Al Thanayah Fourth","165.04","2026","1220","2026-02-23 20:34:16","1489164.2","165.04","Building","Villa"
"1500000","Wadi Al Safa 3","115.74","2026","54","2026-01-05 12:10:53","1500000","115.74","Unit","Flat"
"1500000","Al Waheda","455.22","2026","476","2026-01-20 09:39:39","1500000","455.22","Land","Residential"
"1500000","Madinat Hind 4","112.24","2026","1177","2026-02-19 13:57:31","1500000","112.24","Land","Residential"
"1500014","Abu Hail","232.26","2026","1925","2026-04-14 10:00:33","1500014","232.26","Land","Residential"
"1501564","Al Warsan Third","465","2026","2174","2026-04-28 13:49:26","1501564","465","Land","Residential / Attached Villas"
"1520326","Al Thanyah Fifth","97.18","2026","950","2026-02-11 04:14:36","1520325.72","97.18","Unit","Office"
"1537522","Marsa Dubai","100.71","2026","1895","2026-04-13 09:16:34","1537522.08","100.71","Unit","Flat"
"1550000","Al Barsha South Fourth","118.87","2026","202","2026-01-08 21:09:01","1550000","118.87","Unit","Flat"
"1556786","Palm Jumeirah","66.91","2026","2030","2026-04-20 11:00:53","1556785.76","66.91","Unit","Flat"
"1557471","Business Bay","100.99","2026","1334","2026-03-02 09:59:03","1557470.59","100.99","Unit","Office"
"1558837","Al Barsha South Fourth","111.67","2026","539","2026-01-21 19:55:19","1558837.4","111.67","Unit","Flat"
"1562709","Al Merkadh","76.73","2026","1348","2026-03-02 13:16:47","1562709.2","76.73","Unit","Flat"
"1563608","Al Khairan First","71.08","2026","868","2026-02-06 11:18:19","1563607.87","71.08","Unit","Flat"
"1576495","Marsa Dubai","72.93","2026","1222","2026-02-23 20:59:56","1576495.19","72.93","Unit","Flat"
"1578197","Al Merkadh","77.53","2026","1349","2026-03-02 13:19:20","1578196.53","77.53","Unit","Flat"
"1581176","Al Khairan First","65.5","2026","1454","2026-03-11 10:07:33","1581175.61","65.5","Unit","Flat"
"1583110","Al Khairan First","65.89","2026","592","2026-01-26 08:42:21","1583109.55","65.89","Unit","Flat"
"1587842","Hor Al Anz","268.21","2026","1534","2026-03-17 11:17:01","1587842","268.21","Land","Commercial"
"1587976","Al Thanyah Fifth","138.95","2026","1653","2026-03-26 15:11:20","1587975.63","138.95","Unit","Flat"
"1595583","Mirdif","135.28","2026","1610","2026-03-24 15:43:14","1595582.56","135.28","Unit","Flat"
"1600000","Al Rashidiya","334.45","2026","784","2026-02-03 16:19:16","1600000","334.45","Land","Residential"
"1600000","Hor Al Anz","268.21","2026","2017","2026-04-18 17:58:57","1600000","268.21","Land","Commercial"
"1600000","Madinat Hind 4","112.24","2026","939","2026-02-10 13:56:40","1600000","112.24","Land","Residential"
"1600000","Al Waheda","278.71","2026","1524","2026-03-16 14:17:06","1600000","278.71","Land","Residential"
"1600000","Al Twar Fourth","594.58","2026","895","2026-02-09 12:16:59","1600000","594.58","Land","Residential"
"1600463","Madinat Latifa","743.44","2026","1418","2026-03-09 11:57:44","1600463","743.44","Land",""
"1602894","Um Hurair Second","99.88","2026","1998","2026-04-17 11:43:13","1602893.83","99.88","Unit","Flat"
"1603426","Business Bay","82.68","2026","1301","2026-02-26 11:54:49","1603426.18","82.68","Unit","Office"
"1604919","Al Yelayiss 5","745.51","2026","1342","2026-03-02 11:31:30","1604919","745.51","Land",""
"1605498","Al Hebiah Fourth","178.51","2026","1436","2026-03-10 10:42:02","1605498.28","178.51","Unit","Flat"
"1607546","Marsa Dubai","117.52","2026","555","2026-01-22 16:58:48","1607546.26","117.52","Unit","Flat"
"1614621","Al Barsha South Fifth","151.62","2026","1093","2026-02-16 11:58:09","1614620.97","151.62","Unit","Flat"
"1618873","Al Thanyah Fifth","115.93","2026","1245","2026-02-24 11:53:14","1618872.94","115.93","Unit","Office"
"1619994","Abu Hail","334.45","2026","582","2026-01-23 20:50:12","1619994","334.45","Land","Residential"
"1624065","Al Barsha South Fourth","117.05","2026","1717","2026-04-01 08:06:44","1624065.33","117.05","Unit","Flat"
"1624720","Marsa Dubai","86.3","2026","1437","2026-03-10 10:42:33","1624719.71","86.3","Unit","Flat"
"1639268","Al Khairan First","67.75","2026","593","2026-01-26 08:47:04","1639268.38","67.75","Unit","Flat"
"1639464","Al Thanyah First","69.39","2026","679","2026-01-29 09:45:53","1639464.13","69.39","Unit","Office"
"1640222","Al Thanyah Fifth","115.93","2026","1903","2026-04-13 12:19:08","1640222.4","115.93","Unit","Office"
"1645676","Al Jadaf","125.3","2026","378","2026-01-15 00:21:38","1645676.15","125.3","Unit","Flat"
"1647745","Um Hurair Second","103.42","2026","2003","2026-04-17 12:04:23","1647744.68","103.42","Unit","Flat"
"1650300","Al Muteena","278.71","2026","28","2026-01-03 11:53:53","1650300","278.76","Land","Commercial"
"1661078","Marsa Dubai","113.26","2026","447","2026-01-19 08:47:37","1661077.6","113.26","Unit","Flat"
"1662604","Al Barshaa South Second","135.39","2026","554","2026-01-22 16:51:58","1662603.74","135.39","Unit","Flat"
"1673325","Um Hurair Second","105","2026","1884","2026-04-10 10:50:11","1673324.82","105","Unit","Flat"
"1685376","Al Thanyah Fifth","107.12","2026","2113","2026-04-23 15:45:35","1685375.61","107.12","Unit","Flat"
"1692857","Burj Khalifa","71.81","2026","1307","2026-02-26 12:41:21","1692857.01","71.81","Unit","Flat"
"1700000","Um Suqaim First","55.09","2026","1712","2026-04-01 07:38:09","1700000","55.09","Land","Government Organizations"
"1700000","Al Twar Fourth","594.58","2026","478","2026-01-20 09:50:54","1700000","594.58","Land","Residential"
"1700000","Madinat Hind 4","183.35","2026","1904","2026-04-13 12:48:55","1700000","183.35","Land","Residential"
"1700000","Jumeirah Third","55.28","2026","1710","2026-04-01 07:26:18","1700000","55.28","Land",""
"1700000","Madinat Hind 4","174.8","2026","1351","2026-03-03 09:21:55","1700000","174.8","Land","Residential"
"1700000","World Islands","85.19","2026","1641","2026-03-26 11:32:38","1700000","85.19","Unit","Hotel Rooms"
"1721392","Um Hurair Second","108.42","2026","1881","2026-04-10 10:31:08","1721392.36","108.42","Unit","Flat"
"1735115","Al Barsha South Fifth","165.35","2026","1427","2026-03-09 20:10:26","1735114.79","165.35","Unit","Flat"
"1746357","Al Thanyah First","144","2026","948","2026-02-10 18:42:43","1746357.35","144","Unit","Flat"
"1748716","Al Barsha South Fourth","120.42","2026","1477","2026-03-12 16:38:19","1748716.2","120.42","Unit","Flat"
"1760994","Me'Aisem First","127.18","2026","1773","2026-04-06 10:43:33","1760994.34","127.18","Unit","Flat"
"1768927","Um Hurair Second","107.09","2026","1995","2026-04-17 11:29:51","1768927","107.09","Unit","Flat"
"1769937","Al Yelayiss 2","208.63","2026","139","2026-01-07 09:31:14","1769936.58","208.63","Building","Villa"
"1771972","Um Hurair Second","107.09","2026","2004","2026-04-17 12:08:30","1771972.06","107.09","Unit","Flat"
"1781686","Um Hurair Second","107.09","2026","1883","2026-04-10 10:42:40","1781686.43","107.09","Unit","Flat"
"1782999","Um Hurair Second","107.09","2026","2007","2026-04-17 12:22:40","1782998.69","107.09","Unit","Flat"
"1787394","Hor Al Anz","369.01","2026","918","2026-02-10 08:24:03","1787394","369.01","Land","Residential"
"1793136","Madinat Al Mataar","329.08","2026","1730","2026-04-01 13:47:00","1793135.75","329.08","Unit","Flat"
"1794657","Jabal Ali First","166.95","2026","63","2026-01-05 18:13:06","1794656.67","166.95","Unit","Flat"
"1799993","Abu Hail","334.45","2026","410","2026-01-20 18:45:30","1799993","334.45","Land","Residential Flats"
"1800000","Abu Hail","482.45","2026","2024","2026-04-20 10:20:19","1800000","482.45","Land","Commercial"
"1800000","Muhaisanah Second","464.52","2026","409","2026-01-15 12:14:11","1800000","465","Land","Industrial"
"1800036","Al Hamriya","185.81","2026","385","2026-01-15 08:52:22","1800036","185.81","Land","Commercial"
"1803987","Al Baraha","152.36","2026","1104","2026-02-16 15:05:09","1803987","152.36","Land","Commercial"
"1825871","Al Khairan First","76.83","2026","594","2026-01-26 08:50:57","1825871.1","76.83","Unit","Flat"
"1827422","Al Yelayiss 1","216","2026","1391","2026-03-05 11:09:49","1827422.38","216","Building","Villa"
"1834501","Um Hurair Second","107.53","2026","1873","2026-04-09 15:40:25","1834501.16","107.53","Unit","Flat"
"1843165","Madinat Al Mataar","230.96","2026","481","2026-01-20 10:36:52","1843164.96","230.96","Building","Villa"
"1885453","Al Layan1","500.47","2026","1545","2026-03-17 15:17:07","1885453","500.47","Land","Labor Camp"
"1893660","Al Jadaf","132.69","2026","921","2026-02-10 09:13:28","1893659.56","132.69","Unit","Flat"
"1895748","Mirdif","169.18","2026","1047","2026-02-13 10:08:33","1895747.66","169.18","Unit","Flat"
"1900452","Wadi Al Safa 7","255.21","2026","228","2026-01-09 10:43:46","1900451.91","255.21","Building","Villa"
"1913380","Um Suqaim Third","76.4","2026","1670","2026-03-30 11:58:06","1913380.09","76.4","Unit","Flat"
"1927900","Wadi Al Safa 7","172.5","2026","675","2026-01-29 00:56:51","1927900","172.5","Building","Villa"
"1927956","Marsa Dubai","77.33","2026","1141","2026-02-17 11:46:36","1927955.8","77.33","Unit","Flat"
"1940706","Business Bay","79.56","2026","1790","2026-04-06 16:55:18","1940705.59","79.56","Unit","Flat"
"1963604","Madinat Al Mataar","72.97","2026","1253","2026-02-24 12:43:37","1963604","72.97","Unit","Flat"
"1983081","Wadi Al Safa 7","271.47","2026","2180","2026-04-28 15:28:15","1983081","271.47","Building","Villa"
"1999681","Hor Al Anz","211.35","2026","1363","2026-03-03 13:13:16","1999681","211.35","Land","Residential"
"2000000","Abu Hail","527.6","2026","617","2026-01-26 12:56:51","2000000","527.6","Land","Commercial"
"2000000","Al Barshaa South Second","109.48","2026","748","2026-02-02 15:33:55","2000000","109.48","Unit","Flat"
"2000000","Madinat Al Mataar","90.07","2026","716","2026-02-02 10:15:16","2000000","90.07","Unit","Flat"
"2000000","Al Barsha South Fifth","138.14","2026","519","2026-01-21 11:39:54","2000000","138.14","Unit","Flat"
"2000000","Business Bay","102.84","2026","262","2026-01-12 13:11:15","2000000","102.84","Unit","Flat"
"2000000","Al Rashidiya","594.59","2026","1542","2026-03-17 13:52:57","2000000","594.59","Land","Residential"
"2000000","Abu Hail","232.26","2026","511","2026-01-21 10:30:50","2000000","231.41","Land","Residential"
"2000000","Al Waheda","836.13","2026","89","2026-01-06 11:04:23","2000000","836.13","Land","Residential"
"2000000","Madinat Hind 4","151.8","2026","383","2026-01-15 08:43:15","2000000","151.8","Land","Residential"
"2000000","Al Barsha South Fourth","130.49","2026","1943","2026-04-15 11:19:30","2000000","130.49","Unit","Flat"
"2000000","Business Bay","84.07","2026","1905","2026-04-13 12:59:08","2000000","84.07","Unit","Flat"
"2000000","Al Merkadh","70.41","2026","1608","2026-03-24 13:56:45","2000000","70.41","Unit","Flat"
"2000000","Al Khairan First","71.09","2026","751","2026-02-02 15:48:54","2000000","71.09","Unit","Flat"
"2006539","Al Thanyah Third","116.04","2026","680","2026-01-29 09:48:57","2006539.4","116.04","Unit","Flat"
"2015986","Business Bay","138.43","2026","332","2026-01-14 08:37:49","2015986.11","138.43","Unit","Office"
"2020192","Al Barsha South Fourth","164.06","2026","669","2026-01-28 18:54:21","2020192.09","164.06","Building","Villa"
"2044602","Al Khairan First","65.5","2026","1152","2026-02-18 11:02:06","2044602","65.5","Unit","Flat"
"2047455","Hor Al Anz","211.35","2026","1656","2026-03-27 10:26:04","2047455","211.35","Land","Residential"
"2047455","Hor Al Anz","211.35","2026","729","2026-02-02 12:47:43","2047455","211.35","Land","Residential"
"2047509","Abu Hail","380.44","2026","2185","2026-04-29 11:24:26","2047509","380.44","Land","Residential Flats"
"2050000","Al Khairan First","72.12","2026","6","2026-01-02 08:16:34","2050000","72.12","Unit","Flat"
"2050000","Wadi Al Safa 3","171.71","2026","58","2026-01-05 13:13:03","2050000","171.71","Unit","Flat"
"2060750","Muhaisanah First","136.94","2026","18","2026-01-02 11:46:00","2060750.46","136.94","Unit","Flat"
"2075073","Business Bay","87.78","2026","1739","2026-04-01 17:20:27","2075072.81","87.78","Unit","Flat"
"2076784","Hadaeq Sheikh Mohammed Bin Rashid","92.6","2026","1735","2026-04-01 15:44:11","2076784.24","92.6","Unit","Flat"
"2084909","Wadi Al Safa 5","256.98","2026","2016","2026-04-18 13:50:16","2084908.68","256.98","Building","Villa"
"2087689","Burj Khalifa","106.75","2026","1191","2026-02-21 10:33:38","2087689.05","106.75","Unit","Flat"
"2100000","Al Warsan First","154","2026","490","2026-01-20 12:40:00","2100000","154","Land","Commercial"
"2100000","Hadaeq Sheikh Mohammed Bin Rashid","66.09","2026","711","2026-02-02 09:20:08","2100000","66.09","Unit","Flat"
"2100005","Al Bada","278.71","2026","1993","2026-04-17 11:02:23","2100005","278.71","Land",""
"2101651","Al Layan1","976.25","2026","1240","2026-02-24 10:34:34","2101651","976.25","Land",""
"2109014","Hadaeq Sheikh Mohammed Bin Rashid","92.1","2026","1792","2026-04-06 22:00:11","2109013.7","92.1","Unit","Flat"
"2113487","Marsa Dubai","96.53","2026","537","2026-01-21 16:46:58","2113487.22","96.53","Unit","Flat"
"2120058","Al Thanayah Fourth","294.28","2026","1086","2026-02-16 10:48:46","2120058.17","294.28","Building","Villa"
"2143420","Al Yelayiss 1","277.68","2026","1614","2026-03-25 00:52:33","2143419.64","277.68","Building","Villa"
"2144755","Al Yelayiss 1","278.42","2026","1392","2026-03-05 11:16:13","2144755.49","278.42","Building","Villa"
"2144755","Al Yelayiss 1","278.42","2026","1390","2026-03-05 11:05:31","2144755.49","278.42","Building","Villa"
"2153836","Al Merkadh","109.18","2026","1489","2026-03-13 13:33:15","2153835.54","109.18","Unit","Flat"
"2160074","Burj Khalifa","107.3","2026","1529","2026-03-16 14:55:34","2160073.84","107.3","Unit","Flat"
"2167423","Al Hebiah Fourth","140.43","2026","903","2026-02-09 13:18:05","2167423.13","140.43","Building","Villa"
"2171079","Palm Deira","80.68","2026","2099","2026-04-23 09:29:20","2171079","80.68","Unit","Flat"
"2175440","Business Bay","101.87","2026","1541","2026-03-17 13:07:23","2175440.42","101.87","Unit","Office"
"2178615","Al Hebiah Third","150.4","2026","1507","2026-03-16 10:17:12","2178615.43","150.4","Unit","Flat"
"2188094","Al Thanyah Third","130.82","2026","1018","2026-02-12 12:48:10","2188093.67","130.82","Unit","Flat"
"2199385","Marsa Dubai","145.53","2026","1426","2026-03-09 14:54:28","2199384.62","145.53","Unit","Flat"
"2200000","AL MIZHAR FOURTH","743.13","2026","949","2026-02-10 19:27:11","2200000","743.13","Land",""
"2200000","Al Rashidiya","594.58","2026","1826","2026-04-08 14:15:34","2200000","594.58","Land","Government Housing"
"2200000","Madinat Al Mataar","206.4","2026","1640","2026-03-26 11:14:49","2200000","206.4","Unit","Flat"
"2200000","Al Warsan First","156.2","2026","501","2026-01-20 14:47:29","2200000","156.2","Land","Commercial"
"2200000","Um Suqaim Third","69.14","2026","899","2026-02-09 12:46:31","2200000","69.14","Unit","Flat"
"2212240","Abu Hail","228.36","2026","566","2026-01-23 10:06:55","2212240","228.36","Land","Residential"
"2222853","Al Khairan First","103.01","2026","1734","2026-04-01 14:49:26","2222852.57","103.01","Unit","Flat"
"2231125","Business Bay","85.93","2026","1561","2026-03-19 11:02:02","2231125.08","85.93","Unit","Flat"
"2234721","Al Khairan First","100.59","2026","1398","2026-03-05 13:46:47","2234721.39","100.59","Unit","Flat"
"2243894","Al Thanayah Fourth","255.26","2026","885","2026-02-09 09:08:31","2243893.98","255.26","Building","Villa"
"2243972","Al Raffa","260.59","2026","1347","2026-03-02 13:16:47","2243972","260.59","Land","Commercial"
"2245402","Al Thanayah Fourth","255.19","2026","178","2026-01-08 12:14:09","2245401.58","255.19","Building","Villa"
"2249989","Mirdif","696.77","2026","239","2026-01-10 16:42:56","2249989","696.77","Land","Residential"
"2268908","Um Suqaim Third","86.9","2026","42","2026-01-05 09:40:55","2268908.03","86.9","Unit","Flat"
"2270107","Al Ras","84.36","2026","453","2026-01-19 09:48:48","2270107","84.36","Land","Residential"
"2290600","Wadi Al Safa 7","186.3","2026","673","2026-01-29 00:34:40","2290600","186.3","Building","Villa"
"2290600","Wadi Al Safa 7","186.3","2026","674","2026-01-29 00:42:44","2290600","186.3","Building","Villa"
"2300000","Abu Hail","232.26","2026","953","2026-02-11 10:28:21","2300000","232.21","Land","Residential"
"2314822","Marsa Dubai","108.95","2026","626","2026-01-26 22:38:54","2314822.42","108.95","Unit","Flat"
"2320975","Marsa Dubai","85.04","2026","557","2026-01-22 17:16:31","2320975.47","85.04","Unit","Flat"
"2333256","Burj Khalifa","102.84","2026","1365","2026-03-03 14:44:04","2333256.11","102.84","Unit","Flat"
"2339724","Burj Khalifa","140.07","2026","2153","2026-04-27 12:21:02","2339724.12","140.07","Unit","Flat"
"2339727","Marsa Dubai","127.7","2026","85","2026-01-06 09:52:07","2339727.44","127.7","Unit","Flat"
"2342582","Al Merkadh","109.83","2026","1151","2026-02-18 10:41:20","2342582.08","109.83","Unit","Flat"
"2359801","Al Thanyah Fifth","187.55","2026","486","2026-01-20 12:00:30","2359801.36","187.55","Unit","Office"
"2384734","Bukadra","84.4","2026","1138","2026-02-17 11:07:44","2384734","84.4","Unit","Flat"
"2388627","Marsa Dubai","124.68","2026","1935","2026-04-14 17:01:59","2388627.08","124.68","Unit","Flat"
"2397800","Al Wasl","77.94","2026","1706","2026-03-31 19:55:23","2397800","77.94","Unit","Flat"
"2399365","Marsa Dubai","167.1","2026","1187","2026-02-20 16:36:46","2399365.2","167.1","Unit","Flat"
"2400000","Muhaisanah Second","464.52","2026","1357","2026-03-03 10:52:48","2400000","464.52","Land","Industrial"
"2413336","Al Thanyah Fifth","124.23","2026","558","2026-01-22 17:21:39","2413336.28","124.23","Unit","Flat"
"2441462","Marsa Dubai","90.16","2026","1637","2026-03-26 08:49:37","2441462.38","90.16","Unit","Flat"
"2445300","Wadi Al Safa 7","186.3","2026","672","2026-01-29 00:24:52","2445300","186.3","Building","Villa"
"2462197","Al Merkadh","116.05","2026","1343","2026-03-02 11:34:58","2462197.12","116.05","Unit","Flat"
"2463492","Business Bay","95.67","2026","1318","2026-02-27 09:06:25","2463491.8","95.67","Unit","Office"
"2469605","Al Raffa","382.39","2026","437","2026-01-16 10:38:51","2469605","382.39","Land","Commercial"
"2470000","Al Wasl","77.41","2026","1709","2026-03-31 20:08:28","2470000","77.41","Unit","Flat"
"2471413","Al Bada","382.67","2026","1847","2026-04-09 11:10:01","2471413","382.67","Land","Residential"
"2480810","Al Ras","153.65","2026","1801","2026-04-07 12:15:51","2480810","153.65","Land","Commercial"
"2486590","Hor Al Anz","342.16","2026","563","2026-01-23 09:15:52","2486590","342.24","Land","Commercial"
"2489730","Marsa Dubai","128.35","2026","1723","2026-04-01 10:15:16","2489729.68","128.35","Unit","Flat"
"2491465","Nad Al Shiba First","169.54","2026","745","2026-02-02 15:18:35","2491465.31","169.54","Building","Villa"
"2496509","Jumeirah Second","83.63","2026","1740","2026-04-01 17:23:39","2496508.6","83.63","Unit","Flat"
"2499997","Hor Al Anz East","929.03","2026","353","2026-01-14 11:22:01","2499997","929.03","Land","Residential"
"2500000","Al Rashidiya","929.04","2026","260","2026-01-12 12:53:41","2500000","929.04","Land","Residential"
"2500000","Al Barsha South Fourth","130.06","2026","2039","2026-04-20 13:05:49","2500000","130.06","Building","Villa"
"2500000","Al Twar First","910.45","2026","821","2026-02-05 09:50:15","2500000","910.45","Land","Residential"
"2500000","Me'Aisem First","134.4","2026","433","2026-01-16 09:57:55","2500000","134.4","Land","Residential"
"2500023","Al Bada","232.26","2026","1741","2026-04-01 17:37:16","2500023","232.26","Land","Residential"
"2500023","Al Satwa","232.26","2026","1356","2026-03-03 10:47:25","2500023","232.26","Land","Residential"
"2505922","Naif","291.01","2026","1976","2026-04-17 00:43:17","2505922","291.01","Land","Commercial"
"2506833","Al Barshaa South Third","233.6","2026","1147","2026-02-17 14:05:09","2506833.48","233.6","Unit","Flat"
"2510677","Al Thanyah Third","120.22","2026","88","2026-01-06 10:47:35","2510676.96","120.22","Unit","Flat"
"2513382","Marsa Dubai","159.84","2026","2015","2026-04-18 09:08:46","2513382.45","159.84","Unit","Flat"
"2534985","Al Bada","362.32","2026","1893","2026-04-12 13:14:50","2534985","362.32","Land","Residential"
"2561906","Um Hurair Second","152.9","2026","1997","2026-04-17 11:39:09","2561905.76","152.9","Unit","Flat"
"2600000","Al Waheda","929.03","2026","1443","2026-03-10 11:37:47","2600000","929.03","Land","Residential"
"2600000","Hor Al Anz East","1026.58","2026","1536","2026-03-17 12:17:56","2600000","1026.58","Land","Residential"
"2600000","Hor Al Anz East","1120.74","2026","575","2026-01-23 10:53:14","2600000","1021.93","Land","Residential"
"2600000","Al Bada","334.45","2026","929","2026-02-10 10:20:44","2600000","334.45","Land","Residential"
"2600000","Al Bada","334.46","2026","930","2026-02-10 10:22:11","2600000","334.46","Land","Residential"
"2619457","Al Khairan First","107.79","2026","595","2026-01-26 08:54:53","2619457.11","107.79","Unit","Flat"
"2620430","Nad Al Shiba First","189.03","2026","1638","2026-03-26 10:38:21","2620430.13","189.03","Unit","Flat"
"2622950","Al Wasl","81.47","2026","1705","2026-03-31 19:50:20","2622950","81.47","Unit","Flat"
"2642161","Al Muteena","223.15","2026","1531","2026-03-17 10:35:56","2642161","223.15","Land","Commercial / Offices / Residential"
"2652186","Al Yufrah 1","174","2026","1868","2026-04-09 15:05:28","2652185.89","174","Building","Villa"
"2660709","Palm Jumeirah","106.07","2026","1769","2026-04-05 06:40:09","2660708.52","106.07","Unit","Flat"
"2672457","Al Khairan First","109.79","2026","596","2026-01-26 09:00:52","2672457.22","109.79","Unit","Flat"
"2689731","Zaabeel Second","101.32","2026","446","2026-01-19 08:40:00","2689731.46","101.32","Unit","Flat"
"2699987","Al Layan1","1393.54","2026","1725","2026-04-01 11:24:20","2699987","1393.54","Land","Industrial"
"2700000","Al Goze First","594.58","2026","773","2026-02-03 11:02:32","2700000","594.58","Land","Residential"
"2700000","Al Jafliya","334.45","2026","604","2026-01-26 11:08:30","2700000","334.45","Land","Residential"
"2700000","Al Rashidiya","910.46","2026","1678","2026-03-30 14:32:34","2700000","910.46","Land","Residential"
"2700000","Wadi Al Safa 5","160.2","2026","1522","2026-03-16 13:33:32","2700000","160.2","Building","Villa"
"2700000","Al Rashidiya","929.03","2026","1183","2026-02-20 09:53:55","2700000","929.03","Land",""
"2700000","Al Rashidiya","929.01","2026","618","2026-01-26 13:08:04","2700000","929.01","Land","Residential"
"2700006","Al Twar Fourth","1393.55","2026","2175","2026-04-28 14:20:59","2700006","1393.55","Land","Residential"
"2706832","Al Ttay","1143.06","2026","154","2026-01-07 13:10:07","2706832","1143.06","Land",""
"2721248","Burj Khalifa","101.86","2026","1729","2026-04-01 13:39:16","2721248.17","101.86","Unit","Flat"
"2721535","Al Wasl","107.63","2026","2057","2026-04-21 11:21:06","2721535.46","107.63","Unit","Flat"
"2723400","Al Khairan First","102.04","2026","658","2026-01-28 10:02:02","2723399.74","102.04","Unit","Hotel Apartment"
"2730069","Hor Al Anz","211.36","2026","2186","2026-04-29 11:54:50","2730069","211.36","Land","Residential"
"2739535","Jabal Ali First","304.38","2026","87","2026-01-06 10:24:04","2739534.8","304.38","Unit","Flat"
"2750026","Al Satwa","232.26","2026","1422","2026-03-09 13:09:50","2750026","232.26","Land","Residential"
"2750026","Al Bada","232.26","2026","534","2026-01-21 16:11:10","2750026","232.26","Land","Commercial"
"2772998","Marsa Dubai","223.76","2026","2072","2026-04-22 09:43:31","2772997.93","223.76","Unit","Flat"
"2779009","Marsa Dubai","126.44","2026","1364","2026-03-03 13:43:34","2779008.92","126.44","Unit","Flat"
"2800000","Al Bada","362.32","2026","315","2026-01-13 14:53:36","2800000","362.32","Land","Residential"
"2812670","Marsa Dubai","104.04","2026","1789","2026-04-06 15:50:29","2812669.5","104.04","Unit","Flat"
"2816096","Business Bay","124.63","2026","1650","2026-03-26 14:26:38","2816096.12","124.63","Unit","Flat"
"2819088","Hadaeq Sheikh Mohammed Bin Rashid","292.82","2026","1603","2026-03-24 12:42:43","2819087.5","292.82","Building","Villa"
"2857815","Hor Al Anz","442.5","2026","1185","2026-02-20 13:44:56","2857815","442.5","Land","Commercial"
"2875092","Saih Shuaib 1","890.35","2026","2129","2026-04-27 08:24:06","2875092","890.35","Land",""
"2881195","Al Khawaneej Second","892.24","2026","1444","2026-03-10 11:46:59","2881195","892.24","Land",""
"2881284","Al Kheeran","258.67","2026","955","2026-02-11 10:52:53","2881283.98","258.67","Unit","Flat"
"2948890","Al Hebiah Sixth","171.16","2026","1780","2026-04-06 12:29:33","2948889.68","171.16","Unit","Flat"
"2962236","Burj Khalifa","161.37","2026","273","2026-01-12 16:42:17","2962235.81","161.37","Unit","Flat"
"2964329","Al Barsha South Fourth","206.91","2026","1212","2026-02-23 12:55:58","2964328.89","206.91","Unit","Flat"
"2976294","Al Rashidiya","921.69","2026","890","2026-02-09 11:21:01","2976294","921.69","Land","Cooling Station"
"2997617","Al Layan1","696.22","2026","2184","2026-04-29 10:24:19","2997617","696.22","Land","Labor Camp"
"2999996","Mirdif","929.03","2026","588","2026-01-24 13:03:02","2999996","929.03","Land","Residential"
"2999996","Mirdif","929.03","2026","641","2026-01-27 10:23:20","2999996","929.03","Land","Residential"
"3000000","Al Twar First","929.03","2026","243","2026-01-12 08:57:24","3000000","929.03","Land","Government Housing"
"3000000","Ras Al Khor Industrial Second","1858.06","2026","1646","2026-03-26 12:15:35","3000000","1858.06","Land","Industrial"
"3000000","Al Bada","334.45","2026","744","2026-02-02 15:07:22","3000000","334.45","Land","Residential / Attached Villas"
"3000000","Al Goze Fourth","737.91","2026","551","2026-01-22 15:16:04","3000000","738","Land",""
"3000028","Al Satwa","232.26","2026","475","2026-01-20 09:20:39","3000028","232.26","Land","Residential"
"3002353","Al Khawaneej Second","929.76","2026","670","2026-01-28 22:35:35","3002353","929.76","Land",""
"3030381","Marsa Dubai","135.92","2026","1219","2026-02-23 20:19:15","3030381.27","135.92","Unit","Flat"
"3038606","Wadi Al Safa 7","403.28","2026","2159","2026-04-27 19:13:33","3038606","403.28","Land","Land"
"3065855","Al Ttay","1139.32","2026","265","2026-01-12 13:33:06","3065855","1139.31","Land","Industrial"
"3065882","Al Ttay","1139.32","2026","263","2026-01-12 13:24:14","3065882","1139.32","Land","Industrial"
"3082177","Al Thanyah Fifth","196.95","2026","1251","2026-02-24 12:40:28","3082177.04","196.95","Unit","Flat"
"3100000","Hor Al Anz","211.36","2026","2157","2026-04-27 14:22:01","3100000","211.36","Land","Residential"
"3100035","Saih Shuaib 1","960.01","2026","1928","2026-04-15 13:28:53","3100035","960.01","Land",""
"3112346","Wadi Al Safa 7","195.57","2026","556","2026-01-22 17:08:51","3112345.92","195.57","Building","Villa"
"3125626","Me'Aisem First","246.87","2026","1774","2026-04-06 10:49:17","3125626.24","246.87","Unit","Flat"
"3131262","Hor Al Anz","342.16","2026","1963","2026-04-16 11:50:03","3131262","342.24","Land","Commercial"
"3136977","Saih Shuaib 1","971.45","2026","2014","2026-04-17 15:11:06","3136977","971.45","Land",""
"3140343","Burj Khalifa","117.05","2026","1068","2026-02-16 08:52:12","3140342.89","117.05","Unit","Flat"
"3143770","Zaabeel Second","122.12","2026","1412","2026-03-09 02:28:08","3143770","122.12","Unit","Flat"
"3163001","Burj Khalifa","117.44","2026","1681","2026-03-30 19:08:47","3163001.4","117.44","Unit","Flat"
"3167525","Wadi Al Safa 7","420.39","2026","2165","2026-04-28 09:50:53","3167525","420.39","Land","Land"
"3199946","Al Satwa","594.58","2026","562","2026-01-23 08:39:27","3199946","594.57","Land","Residential"
"3200000","Wadi Al Safa 5","145.07","2026","1260","2026-02-24 13:46:10","3200000","145.07","Building","Villa"
"3210371","Al Hebiah First","300.79","2026","1806","2026-04-07 23:30:26","3210371.28","300.79","Building","Villa"
"3213150","Um Hurair Second","194.31","2026","2002","2026-04-17 12:00:25","3213150.02","194.31","Unit","Flat"
"3229170","Al Rowaiyah Third","3000","2026","730","2026-02-02 12:53:06","3229170","3000","Land",""
"3233002","World Islands","107.27","2026","91","2026-01-06 11:43:38","3233002","107.27","Unit","Hotel Rooms"
"3242759","Wadi Al Safa 3","860.75","2026","981","2026-02-11 14:19:41","3242759","860.75","Land","Residential"
"3263431","Al Hamriya","336.87","2026","1696","2026-03-31 10:36:18","3263431","336.87","Land","Commercial"
"3272226","Wadi Al Safa 7","608","2026","19","2026-01-02 11:47:23","3272226","608","Land","Residential"
"3275301","Al Hebiah First","315.38","2026","1807","2026-04-07 23:35:14","3275301.23","315.38","Building","Villa"
"3279007","Al Baraha","304.63","2026","1657","2026-03-27 10:43:43","3279007","304.63","Land","Residential"
"3290959","Business Bay","169.05","2026","1332","2026-03-02 09:07:18","3290959.04","169.05","Unit","Office"
"3294397","Burj Khalifa","154.5","2026","1354","2026-03-03 10:20:58","3294397.19","154.5","Unit","Flat"
"3298834","Hor Al Anz","211.36","2026","1539","2026-03-17 12:52:29","3298834","211.36","Land","Residential"
"3300000","Hor Al Anz","211.35","2026","898","2026-02-09 12:42:28","3300000","211.35","Land","Residential"
"3310480","Marsa Dubai","146.42","2026","684","2026-01-29 13:49:49","3310479.81","146.42","Unit","Flat"
"3311637","Al Aweer Second","6185.48","2026","1947","2026-04-16 09:33:31","26631955","6185.48","Land","Residential"
"3380393","Al Jadaf","174.64","2026","450","2026-01-19 09:05:02","3380392.8","174.64","Unit","Flat"
"3390666","Saih Shuaib 1","900.01","2026","184","2026-01-08 13:36:37","3390666","900.01","Land",""
"3400000","Al Waheda","1281.6","2026","1624","2026-03-25 12:09:24","3400000","1281.6","Land","Government Housing"
"3419987","Abu Hail","334.45","2026","1002","2026-02-12 10:05:02","3419987","334.45","Land","Residential"
"3428673","Burj Khalifa","159.85","2026","1145","2026-02-17 14:00:49","3428673.23","159.85","Unit","Flat"
"3446642","Nadd Hessa","1185.94","2026","1671","2026-03-30 12:03:47","3446642","1185.94","Land",""
"3463553","Marsa Dubai","346.11","2026","167","2026-01-08 09:57:06","3463552.63","346.11","Unit","Flat"
"3494276","Al Khawaneej Second","1159.39","2026","1171","2026-02-19 12:23:53","3494276","1159.39","Land","Government Housing"
"3497059","Palm Jumeirah","147.04","2026","103","2026-01-06 14:39:50","3497059.18","147.04","Unit","Flat"
"3499995","Al Goze First","929.03","2026","1501","2026-03-15 12:25:59","3499995","929.03","Land","Residential"
"3500000","Muhaisanah Third","1393.55","2026","1434","2026-03-10 10:31:04","3500000","1393.55","Land","Residential"
"3500000","Al Twar Fourth","1393.55","2026","473","2026-01-20 08:45:18","3500000","1393.55","Land","Residential"
"3500000","Al Thanayah Fourth","172.29","2026","804","2026-02-04 09:27:12","3500000","172.29","Building","Villa"
"3500000","Al Hebiah Sixth","168","2026","750","2026-02-02 15:44:33","3500000","168","Building","Villa"
"3500000","Al Hebiah Sixth","168.04","2026","747","2026-02-02 15:33:54","3500000","168.04","Building","Villa"
"3500000","Al Hebiah Sixth","168.13","2026","746","2026-02-02 15:23:24","3500000","168.13","Building","Villa"
"3500000","Al Jafliya","428.93","2026","922","2026-02-10 09:19:54","3500000","428.93","Land","Residential"
"3500000","Al Hebiah Sixth","168","2026","771","2026-02-03 09:30:55","3500000","168","Building","Villa"
"3500000","Al Twar Second","1393.55","2026","1952","2026-04-16 10:15:23","3500000","1393.55","Land","Residential"
"3500000","Al Satwa","594.58","2026","316","2026-01-13 14:59:36","3500000","594.58","Land","Residential"
"3500000","Al Murqabat","231.33","2026","841","2026-02-05 11:47:04","3500000","231.33","Land","Commercial"
"3500000","Hor Al Anz","211","2026","1880","2026-04-10 10:16:20","3500000","211","Land","Residential"
"3516760","Saih Shuaib 1","933.48","2026","232","2026-01-09 16:44:26","3516760","933.48","Land",""
"3566723","Marsa Dubai","131.07","2026","189","2026-01-08 18:43:38","3566723.49","131.07","Unit","Flat"
"3581698","Ras Al Khor Industrial Second","1109.17","2026","736","2026-02-02 13:34:57","3581698","1109.17","Land","Workshop"
"3650562","Dubai Investment Park First","372.5","2026","2154","2026-04-27 12:30:49","3650562.23","372.5","Building","Villa"
"3660797","Port Saeed","523.23","2026","1784","2026-04-06 13:06:03","3660797","523.23","Land","Commercial"
"3665239","Al Khairan First","143.6","2026","599","2026-01-26 09:08:00","3665238.57","143.6","Unit","Flat"
"3674957","Al Bada","227.61","2026","2074","2026-04-22 09:51:23","3674957","227.61","Land","Residential"
"3700000","Al Hebiah Third","283.37","2026","175","2026-01-08 11:32:55","3700000","283.37","Land","Residential"
"3700000","Muhaisanah First","1115","2026","1906","2026-04-13 13:01:57","3700000","1115","Land","Residential"
"3735278","Burj Khalifa","141.06","2026","1256","2026-02-24 13:01:30","3735277.59","141.06","Unit","Hotel Apartment"
"3750035","Al Bada","232.26","2026","946","2026-02-10 17:18:54","3750035","232.26","Land","Residential"
"3754334","Marsa Dubai","259.1","2026","1383","2026-03-04 14:09:42","3754334.16","259.1","Unit","Flat"
"3796547","Marsa Dubai","177.74","2026","1977","2026-04-17 08:22:34","3796547.03","177.74","Unit","Flat"
"3800000","Al Warqa Third","1115.58","2026","1399","2026-03-05 14:03:55","3800000","1116","Land","Residential"
"3819260","Al Khairan First","149.23","2026","591","2026-01-26 08:36:01","3819259.65","149.23","Unit","Flat"
"3819260","Al Khairan First","149.23","2026","597","2026-01-26 09:04:26","3819259.65","149.23","Unit","Flat"
"3852538","Um Hurair Second","320.44","2026","1803","2026-04-07 14:08:04","3852538.07","320.44","Unit","Clinic"
"3855956","Al Khairan First","152.35","2026","671","2026-01-28 23:07:01","3855956.25","152.35","Unit","Flat"
"3860889","Marsa Dubai","242.97","2026","1504","2026-03-16 09:50:38","3860888.52","242.97","Unit","Flat"
"3875004","Al Layan1","1800","2026","153","2026-01-07 13:06:14","3875004","1800","Land","Industrial"
"3888324","Jumeirah First","555.75","2026","324","2026-01-14 08:16:10","3888324","555.75","Land","Residential"
"3892216","Me'Aisem First","259.71","2026","466","2026-01-19 11:56:24","3892216.09","259.71","Building","Villa"
"3926988","Al Baraha","1042.37","2026","1280","2026-02-25 12:28:18","3926988","1042.37","Land","Commercial"
"3935760","Al Wasl","119.22","2026","1707","2026-03-31 20:00:49","3935760","119.22","Unit","Flat"
"3937004","Jabal Ali Industrial First","914.4","2026","1470","2026-03-12 10:52:58","3937004","914.4","Land",""
"3980302","Business Bay","150.58","2026","1319","2026-02-27 09:12:15","3980302.47","150.58","Unit","Office"
"3988831","Al Wasl","160.04","2026","959","2026-02-11 11:25:49","3988830.59","160.04","Unit","Flat"
"3995835","Jumeirah First","149.88","2026","1787","2026-04-06 14:20:57","3995835.45","149.88","Unit","Flat"
"3999994","Ghadeer Al tair","929.03","2026","1341","2026-03-02 11:31:00","3999994","929.03","Land","Residential"
"4000000","Al Warqa Second","1076.83","2026","2181","2026-04-29 08:04:48","4000000","1076.83","Land","Residential"
"4000000","Al Warqa Third","1217.96","2026","497","2026-01-20 13:47:15","4000000","1217.96","Land","Residential"
"4000000","Al Hebiah Sixth","311.37","2026","873","2026-02-06 14:22:20","4000000","311.37","Building","Villa"
"4000000","Al Thanayah Fourth","287.3","2026","494","2026-01-20 13:21:34","4000000","567.92","Building","Villa"
"4000000","Jumeirah First","203.36","2026","1299","2026-02-26 11:42:26","4000000","203.36","Land","Residential"
"4000000","Al Warqa Second","1212.38","2026","780","2026-02-03 12:17:12","4000000","1212.38","Land","Residential"
"4000000","Al Goze First","929.03","2026","2096","2026-04-22 13:05:49","4000000","929.03","Land","Residential"
"4000000","Al Aweer Second","2065.8","2026","422","2026-01-16 08:31:24","4000000","2068.42","Land","Residential"
"4000000","Me'Aisem First","190.4","2026","431","2026-01-16 09:15:13","4000000","190.4","Land","Residential"
"4000000","Jabal Ali First","224","2026","559","2026-01-22 17:31:10","4000000","224","Land","Commercial"
"4000000","Jabal Ali First","224","2026","559","2026-01-22 17:31:10","4000000","224","Land","Commercial"
"4000000","Jabal Ali First","238","2026","1923","2026-04-13 18:01:01","4000000","238","Land","Commercial"
"4000000","Hor Al Anz","231.14","2026","1344","2026-03-02 11:51:19","4000000","231.19","Land","Residential"
"4003912","Hor Al Anz","422.7","2026","163","2026-01-07 15:32:25","4003912","422.7","Land","Commercial"
"4004007","Hor Al Anz","422.71","2026","844","2026-02-05 14:27:07","4004007","422.71","Land","Residential"
"4053215","Al Khairan First","158.61","2026","579","2026-01-23 13:55:56","4053214.6","158.61","Unit","Flat"
"4060576","Al Wasl","158.84","2026","1738","2026-04-01 17:15:28","4060576.34","158.84","Unit","Flat"
"4097817","Al Karama","423","2026","872","2026-02-06 11:57:18","4097817","423","Land","Commercial"
"4133817","Saih Shuaib 1","1097.27","2026","1284","2026-02-25 14:33:49","4133817","1097.27","Land",""
"4134300","Al Thanyah Third","187.39","2026","1221","2026-02-23 20:44:44","4134300.14","187.39","Unit","Flat"
"4177771","Wadi Al Safa 6","646.88","2026","1168","2026-02-19 11:50:57","4177771","646.88","Land","Residential"
"4194005","Business Bay","158.34","2026","1317","2026-02-27 09:03:14","4194004.58","158.34","Unit","Office"
"4200000","Al Twar Second","929.03","2026","542","2026-01-22 10:11:37","4200000","929.03","Land","Residential"
"4201365","Nad Al Hamar","1394","2026","304","2026-01-13 13:24:34","4201365","1394","Land","Residential"
"4252978","Marsa Dubai","112.89","2026","408","2026-01-15 11:25:17","4252978","112.89","Unit","Flat"
"4264057","Burj Khalifa","174.47","2026","48","2026-01-05 11:14:02","4264057.18","174.47","Unit","Flat"
"4296991","Burj Khalifa","159.52","2026","1368","2026-03-04 10:14:16","4296991.11","159.52","Unit","Flat"
"4300000","Marsa Dubai","160.86","2026","1396","2026-03-05 12:30:43","4300000","160.86","Unit","Flat"
"4300000","Al Suq Al Kabeer","335.94","2026","931","2026-02-10 10:39:51","4300000","335.94","Land","Commercial"
"4300000","Al Waheda","1335.02","2026","529","2026-01-21 12:41:26","4300000","1340.87","Land","Commercial"
"4300000","Al Satwa","232.26","2026","1900","2026-04-13 10:33:11","4300000","232.26","Land",""
"4320113","Al Suq Al Kabeer","334.46","2026","860","2026-02-06 09:13:02","4320113","334.46","Land","Commercial"
"4320113","Al Suq Al Kabeer","334.46","2026","910","2026-02-09 14:44:26","4320113","334.46","Land","Commercial"
"4334850","Al Wasl","137.99","2026","1704","2026-03-31 19:44:50","4334850","137.99","Unit","Flat"
"4339617","Al Ttay","2015.82","2026","2053","2026-04-21 10:22:50","4339617","2015.82","Land","Industrial"
"4359238","Palm Jumeirah","155.8","2026","580","2026-01-23 14:58:13","4359237.83","155.8","Unit","Flat"
"4399994","Al Qusais Industrial Third","1858.06","2026","23","2026-01-02 16:47:05","4399994","1858.06","Land","Industrial"
"4400000","Al Yufrah 1","300","2026","1445","2026-03-10 12:17:28","4400000","300","Building","Villa"
"4438578","Palm Jumeirah","185.5","2026","624","2026-01-26 14:59:17","4438577.62","185.5","Unit","Flat"
"4440066","Al Qusais Industrial Fifth","2062.48","2026","933","2026-02-10 11:15:12","4440066","2062.48","Land",""
"4454850","Al Bada","752.49","2026","940","2026-02-10 14:22:52","4454850","752.49","Land","Residential"
"4499994","Jabal Ali Industrial First","929.03","2026","958","2026-02-11 11:19:08","4499994","929.03","Land",""
"4500000","Saih Shuaib 1","1138.55","2026","1711","2026-04-01 07:32:32","4500000","1138.55","Land",""
"4500000","Jumeirah First","585.29","2026","928","2026-02-10 10:19:19","4500000","585.29","Land","Residential"
"4500000","Al Rashidiya","1952.63","2026","412","2026-01-15 13:38:07","4500000","1950.96","Land","Residential"
"4500000","Al Barshaa South First","1185.07","2026","7","2026-01-02 08:25:05","4500000","1185.07","Land","Government Housing"
"4500000","Al Aweer First","1150.77","2026","9","2026-01-02 09:58:16","4500000","1150.77","Land",""
"4500000","Al Wasl","464.52","2026","337","2026-01-14 09:23:20","4500000","464.52","Land","Residential"
"4500000","Al Rashidiya","1858.05","2026","309","2026-01-13 14:28:18","4500000","1858.06","Land","Residential"
"4500000","Al Goze First","929.03","2026","62","2026-01-05 16:21:13","4500000","929.03","Land","Residential"
"4500000","Al Goze Industrial Third","1858.06","2026","1888","2026-04-10 15:03:02","4500000","1858.06","Land","Industrial"
"4500010","Mirdif","1393.55","2026","646","2026-01-27 12:38:29","4500010","1393.55","Land","Residential"
"4503045","Nad Al Shiba First","464.83","2026","1030","2026-02-12 16:19:46","4503045","464.83","Land","Villa"
"4506537","Palm Jumeirah","182.73","2026","101","2026-01-06 14:32:22","4506536.62","182.73","Unit","Flat"
"4512967","Burj Khalifa","152.95","2026","1306","2026-02-26 12:25:34","4512966.76","152.95","Unit","Flat"
"4517350","Mirdif","699.46","2026","2125","2026-04-27 07:36:06","4517350","699.46","Land","Residential / Attached Villas"
"4549901","Al Karama","211.35","2026","2112","2026-04-23 11:15:14","4549901","211.35","Land","Commercial"
"4549901","Al Karama","211.35","2026","935","2026-02-10 12:22:19","4549901","211.35","Land","Commercial"
"4549901","Al Karama","211.35","2026","1783","2026-04-06 12:39:32","4549901","211.35","Land","Commercial"
"4549901","Al Karama","211.35","2026","775","2026-02-03 11:10:40","4549901","211.35","Land","Commercial"
"4549901","Al Karama","211.35","2026","1249","2026-02-24 12:20:07","4549901","211.35","Land","Commercial"
"4549901","Al Karama","211.35","2026","896","2026-02-09 12:34:43","4549901","211.35","Land","Commercial"
"4549901","Al Karama","211.35","2026","503","2026-01-20 16:12:46","4549901","211.35","Land","Commercial"
"4549901","Al Karama","211.35","2026","1339","2026-03-02 10:43:25","4549901","211.35","Land","Commercial"
"4549901","Al Karama","211.35","2026","643","2026-01-27 12:14:07","4549901","211.35","Land","Commercial"
"4549901","Al Karama","211.35","2026","993","2026-02-12 09:20:17","4549901","211.35","Land","Commercial"
"4549901","Al Karama","211.35","2026","902","2026-02-09 13:15:46","4549901","211.35","Land","Commercial"
"4549901","Al Karama","211.35","2026","988","2026-02-12 09:07:17","4549901","211.35","Land","Commercial"
"4550116","Al Karama","211.35","2026","266","2026-01-12 13:50:44","4550116","211.36","Land","Commercial"
"4553776","Al Karama","211.35","2026","295","2026-01-13 11:20:57","4553776","211.53","Land","Commercial"
"4560019","Al Karama","211.82","2026","1649","2026-03-26 13:13:28","4560019","211.82","Land","Commercial"
"4601421","Al Thanyah Third","193.11","2026","577","2026-01-23 12:05:29","4601420.93","193.11","Unit","Flat"
"4636874","Marsa Dubai","271.46","2026","1304","2026-02-26 12:13:50","4636874.3","271.46","Unit","Flat"
"4667604","Al Suq Al Kabeer","289.86","2026","1552","2026-03-18 11:43:02","4667604","289.09","Land","Commercial"
"4677100","Mirdif","835.61","2026","1979","2026-04-17 08:31:46","4677100","835.61","Land","Residential / Villas"
"4679982","Al Bada","668.9","2026","2155","2026-04-27 12:53:13","4679982","668.9","Land","Residential"
"4800000","Al Barshaa South First","1114.84","2026","1405","2026-03-06 10:46:53","4800000","1114.84","Land","Residential"
"4800000","Al Warqa Second","1178.1","2026","1540","2026-03-17 12:54:53","4800000","1178.1","Land","Residential"
"4800699","Al Qusais Industrial First","2229.67","2026","1629","2026-03-25 14:35:27","4800699","2230","Land","Residential"
"4875993","Warsan Fourth","4529.95","2026","1980","2026-04-17 08:31:54","4875993","4529.95","Land","Commercial"
"4892230","Mirdif","826.37","2026","1978","2026-04-17 08:23:08","4892230","826.37","Land","Residential / Villas"
"4900000","Al Hamriya","257.62","2026","1921","2026-04-13 14:57:44","4900000","257.62","Land","Commercial"
"4910362","Saih Shuaib 1","1140.47","2026","1179","2026-02-19 14:30:26","4910362","1140.47","Land",""
"4912687","Naif","351.08","2026","318","2026-01-13 15:04:44","4912687","351.08","Land","Commercial"
"4918672","Nad Al Shiba First","456.96","2026","1823","2026-04-08 12:44:20","4918672","456.96","Land","Villa"
"4921255","Jabal Ali Industrial First","914.4","2026","465","2026-01-19 11:51:57","4921255","914.4","Land",""
"4996699","Al Mararr","403.66","2026","1945","2026-04-16 09:12:01","4996699","403.66","Land","Commercial"
"4999444","Um Suqaim First","422.24","2026","26","2026-01-02 18:32:17","4999444","422.24","Land","Residential"
"4999993","Jabal Ali Industrial First","1858.06","2026","525","2026-01-21 11:58:04","4999993","1858.06","Land","Warehouse"
"4999993","Al Ttay","1858.06","2026","463","2026-01-19 11:09:57","4999993","1858.06","Land","Labor Camp"
"5000000","Al Twar Third","1487.4","2026","1743","2026-04-02 08:21:28","5000000","1487.4","Land","Residential"
"5000000","Ras Al Khor Industrial First","3180.07","2026","809","2026-02-04 12:22:18","5000000","3180.07","Land","Industrial"
"5000000","Nad Al Hamar","1393.55","2026","1674","2026-03-30 13:50:40","5000000","1393.55","Land","Residential"
"5000000","Al Barsha South Fifth","601.52","2026","66","2026-01-05 20:15:50","5000000","601.52","Land","Residential"
"5000000","Mirdif","743.21","2026","2117","2026-04-24 08:59:51","5000000","743.21","Land","Residential"
"5000000","Al Twar Third","1393.55","2026","2182","2026-04-29 08:09:11","5000000","1393.55","Land","Residential"
"5000000","Marsa Dubai","124.94","2026","1298","2026-02-26 11:40:42","5000000","124.94","Unit","Flat"
"5000000","Jumeirah First","278.71","2026","1313","2026-02-26 14:47:48","5000000","278.71","Land","Residential"
"5000047","Al Karama","232.26","2026","1325","2026-02-27 11:22:12","5000047","232.26","Land","Commercial"
"5003384","Nad Al Shiba First","464.83","2026","1324","2026-02-27 11:05:20","5003384","464.83","Land","Villa"
"5005009","Hor Al Anz","422.71","2026","1323","2026-02-27 10:35:56","5005009","422.71","Land","Residential"
"5005041","Al Bada","357.68","2026","783","2026-02-03 15:11:25","5005041","357.68","Land","Residential"
"5027903","Burj Khalifa","160.56","2026","1305","2026-02-26 12:22:06","5027902.65","160.56","Unit","Flat"
"5037193","Mirdif","1337.06","2026","1630","2026-03-25 15:48:41","5037193","1337.06","Land","Residential"
"5039981","Al Suq Al Kabeer","334.45","2026","965","2026-02-11 12:04:50","5039981","334.45","Land","Commercial"
"5048355","Nad Al Shiba First","586.26","2026","1886","2026-04-10 12:10:27","5048355","586.26","Land","Villa"
"5055911","Mankhool","469.71","2026","1386","2026-03-05 10:25:03","5055911","469.71","Land",""
"5064372","Mirdif","980.2","2026","2026","2026-04-20 10:36:42","5064372","980.2","Land","Residential / Villas"
"5065457","Mirdif","980.41","2026","2027","2026-04-20 10:38:46","5065457","980.41","Land","Residential / Villas"
"5105425","Nad Al Shiba First","474.31","2026","1786","2026-04-06 14:00:49","5105425","474.31","Land","Villa"
"5122395","Al Hebiah First","314.66","2026","1679","2026-03-30 14:42:10","5122395.34","314.66","Unit","Office"
"5139203","Muhaisanah Fourth","1193.62","2026","657","2026-01-28 08:45:42","5139203","1193.62","Land","Residential"
"5153454","Jabal Ali Industrial First","1367.92","2026","1765","2026-04-03 17:22:18","5153454","1367.92","Land",""
"5191636","Burj Khalifa","209.03","2026","474","2026-01-20 09:13:18","5191635.86","209.03","Unit","Flat"
"5202467","Mirdif","1380.93","2026","1661","2026-03-28 10:39:27","5202467","1380.93","Land","Residential"
"5207424","Eyal Nasser","268.77","2026","1866","2026-04-09 14:35:31","5207424","268.77","Land","Commercial"
"5223021","Al Yelayiss 1","970.47","2026","612","2026-01-26 12:21:22","5223021","970.47","Land","Villa"
"5235561","Wadi Al Safa 7","608","2026","1761","2026-04-03 12:13:34","5235561","608","Land","Residential"
"5250011","Nad Al Hamar","1393.55","2026","2116","2026-04-24 08:46:23","5250011","1393.55","Land","Residential"
"5250374","Burj Khalifa","206.94","2026","1731","2026-04-01 13:52:56","5250373.86","206.94","Unit","Flat"
"5252676","Jabal Ali Industrial First","975.98","2026","2100","2026-04-23 09:32:26","5252676","975.98","Land","Labor Camp"
"5333932","Al Khawaneej First","900.98","2026","104","2026-01-06 14:48:18","5333932","900.98","Land","Residential"
"5333932","Al Khawaneej First","900.98","2026","943","2026-02-10 14:41:40","5333932","900.98","Land","Residential"
"5426091","Al Barshaa South Second","1200.24","2026","386","2026-01-15 08:52:39","5426091","1200.24","Land","Commercial"
"5456006","Al Baraha","460.8","2026","810","2026-02-04 12:24:32","5456006","460.8","Land","Commercial"
"5464800","Al Thanayah Fourth","254.62","2026","722","2026-02-02 11:32:06","5464800","254.62","Building","Villa"
"5476134","Al Warqa First","925","2026","1028","2026-02-12 14:06:01","5476134","925","Land","Government Housing"
"5482081","Al Hebiah Second","1455.15","2026","827","2026-02-05 10:35:29","5482081","1455.15","Land",""
"5495100","Wadi Al Safa 7","638.14","2026","1639","2026-03-26 10:54:38","5495100","638.14","Land","Residential"
"5500000","Muhaisanah Third","1393.55","2026","1693","2026-03-31 09:57:25","5500000","1393.55","Land","Residential"
"5500000","Al Jafliya","455.22","2026","1321","2026-02-27 10:25:42","5500000","455.22","Land","Residential"
"5500000","Abu Hail","224.18","2026","1688","2026-03-31 09:50:24","5500000","224.18","Land","Residential"
"5500000","Al Mizhar Second","1858.06","2026","621","2026-01-26 13:56:34","5500000","1858","Land","Residential"
"5500000","Al Jafliya","915.28","2026","1310","2026-02-26 13:24:40","5500000","915.28","Land","Government Housing"
"5500000","Nad Al Shiba First","428.94","2026","403","2026-01-15 10:10:33","5500000","428.94","Land","Villa"
"5500000","Me'Aisem First","223.23","2026","432","2026-01-16 09:46:24","5500000","223.23","Land","Residential"
"5525188","Business Bay","217.97","2026","980","2026-02-11 14:04:27","5525187.67","217.97","Unit","Office"
"5532564","Al Qusais Industrial Fifth","2055.97","2026","932","2026-02-10 10:50:29","5532564","2055.97","Land",""
"5538037","Al Suq Al Kabeer","395.77","2026","456","2026-01-19 10:03:17","5538037","395.77","Land","Commercial"
"5600000","Madinat Al Mataar","369.65","2026","1447","2026-03-10 12:24:03","5600000","369.65","Building","Villa"
"5719179","Burj Khalifa","208.47","2026","141","2026-01-07 10:14:46","5719178.64","208.47","Unit","Flat"
"5796898","Jumeirah First","861.68","2026","806","2026-02-05 07:37:17","5796898","861.68","Land","Residential"
"5800000","Jabal Ali First","390.75","2026","1887","2026-04-10 13:46:06","5800000","390.75","Land","Commercial"
"5818835","Al Khawaneej First","900.98","2026","1446","2026-03-10 12:19:53","5818835","900.98","Land","Residential"
"5818835","Al Khawaneej First","900.98","2026","1448","2026-03-10 12:25:01","5818835","900.98","Land","Residential"
"5829233","Jumeirah First","833.16","2026","850","2026-02-05 15:13:32","5829233","833.16","Land","Residential"
"5900000","Al Barshaa South First","1114.84","2026","688","2026-01-29 15:04:24","5900000","1114.84","Land","Government Housing"
"5914010","Al Raffa","549.43","2026","56","2026-01-05 12:21:06","5914010","549.43","Land","Commercial"
"5973189","Muhaisanah Second","1849.76","2026","1891","2026-04-10 18:04:40","5973189","1849.76","Land",""
"5994201","Al Layan1","2784.4","2026","1537","2026-03-17 12:28:07","5994201","2784.4","Land","Industrial"
"5994308","Hor Al Anz","929.03","2026","836","2026-02-05 11:24:15","5994308","928.15","Land","Residential"
"5999992","Mirdif","1858.06","2026","508","2026-01-21 08:57:35","5999992","1858.06","Land","Residential"
"5999992","Muhaisanah Second","1858.06","2026","1617","2026-03-25 09:32:33","5999992","1858.06","Land","Industrial"
"6000000","Al Hebiah Third","450","2026","448","2026-01-19 08:54:08","6000000","450","Land","Residential"
"6000000","Al Jafliya","1393.55","2026","1247","2026-02-24 12:08:40","6000000","1393.55","Land","Residential"
"6000000","Al Mizhar First","1393.55","2026","2061","2026-04-21 11:59:40","6000000","1393.55","Land","Residential"
"6000000","Al Bada","668.9","2026","1449","2026-03-10 12:34:02","6000000","669","Land","Residential"
"6000000","Nad Al Hamar","1375","2026","625","2026-01-26 15:15:26","6000000","1375","Land","Residential"
"6000000","Al Hudaiba","686.27","2026","1271","2026-02-25 09:56:14","6000000","686.27","Land",""
"6000000","Jumeirah Third","481.75","2026","1931","2026-04-14 12:43:35","6000000","481.75","Land","Residential"
"6000000","Mirdif","915.88","2026","2118","2026-04-24 09:04:45","6000000","915.88","Land","Residential"
"6000000","Jumeirah Third","481.75","2026","1929","2026-04-14 12:30:54","6000000","481.75","Land","Residential"
"6000000","Al Khawaneej First","917.31","2026","13","2026-01-02 10:41:15","6000000","917.31","Land","Residential"
"6000000","Nad Al Hamar","1840.68","2026","464","2026-01-19 11:12:18","6000000","1840.68","Land","Residential"
"6000000","Al Mizhar Third","1114.84","2026","822","2026-02-05 09:56:10","6000000","1114.84","Land","Residential"
"6000000","Ghadeer Al tair","929.03","2026","1107","2026-02-16 15:36:26","6000000","929.03","Land","Government Housing"
"6000056","Al Bada","232.26","2026","1899","2026-04-13 10:29:18","6000056","232.26","Land","Residential"
"6001951","Al Barsha Second","1393.55","2026","1009","2026-02-12 11:42:12","6001951","1394","Land","Residential"
"6098772","Al Murqabat","629.51","2026","1362","2026-03-03 12:41:50","6098772","629.55","Land","Commercial"
"6200000","Al Hebiah Sixth","623.61","2026","218","2026-01-09 09:10:12","6200000","623.61","Land","Residential"
"6200000","Burj Khalifa","165.18","2026","399","2026-01-15 09:43:07","6200000","165.18","Unit","Flat"
"6232610","Al Baraha","1052.78","2026","864","2026-02-06 09:51:52","6232610","1052.78","Land","Commercial"
"6263513","Saih Shuaib 1","1058","2026","1098","2026-03-04 10:34:32","6263513","1058","Land",""
"6298394","Wadi Al Safa 5","1671.83","2026","611","2026-01-26 12:18:41","6298394","1671.83","Land","Commercial"
"6303668","Al Khawaneej First","900.97","2026","1120","2026-02-17 09:14:55","6303668","900.97","Land","Residential"
"6303878","Al Khawaneej First","901","2026","1117","2026-02-17 09:05:04","6303878","901","Land","Residential"
"6308076","Al Suq Al Kabeer","293.02","2023","2683","2026-01-13 11:18:27","6308076","293.02","Land","Commercial"
"6370011","Al Karama","422.71","2026","1926","2026-04-14 10:52:40","6370011","422.71","Land","Commercial"
"6379979","Al Khabeesi","1481.8","2026","1618","2026-03-25 09:45:04","6379979","1481.8","Land","Commercial"
"6394047","Jabal Ali Industrial First","1320.06","2026","942","2026-02-10 14:40:54","6394047","1320.06","Land","Cooling Station"
"6402529","Eyal Nasser","457.55","2026","280","2026-01-13 09:54:36","6402529","457.55","Land","Commercial"
"6483250","Marsa Dubai","399.83","2026","740","2026-02-02 14:11:11","6483250.22","399.83","Unit","Flat"
"6500000","Al Hudaiba","1445.76","2026","926","2026-02-10 09:45:29","6500000","1445.76","Land","Residential"
"6500000","Al Warqa Third","1420.77","2026","686","2026-01-29 14:45:12","6500000","1420.77","Land","Residential"
"6500000","Al Hudaiba","691.76","2026","1269","2026-02-25 09:50:26","6500000","691.76","Land","Commercial"
"6500000","Muhaisanah Third","1393.55","2026","1691","2026-03-31 09:53:16","6500000","1393.55","Land","Residential"
"6506993","Al Yufrah 1","1209.04","2026","1944","2026-04-15 14:06:26","6506993","1209.04","Land","Residential"
"6557712","Saih Shuaib 1","937.28","2026","653","2026-01-27 14:59:34","6557712","937.28","Land",""
"6684769","Al Ttay","1552.59","2026","1758","2026-04-02 16:33:57","6684769","1552.59","Land","Labor Camp"
"6700000","Mirdif","940.66","2026","851","2026-02-05 15:29:55","6700000","940.66","Land","Residential"
"6714306","Wadi Al Safa 7","1247.56","2026","894","2026-02-09 12:06:32","6714306","1247.56","Land","Land"
"6736879","Burj Khalifa","266.42","2026","960","2026-02-11 11:33:17","6736879.46","266.42","Unit","Office"
"6750015","Al Garhoud","1393.55","2026","1804","2026-04-07 18:47:09","6750015","1393.55","Land","Residential"
"6753572","Al Satwa","1568.57","2026","1326","2026-02-27 17:46:41","6753572","1568.57","Land","Residential"
"6800000","Nad Al Hamar","1393.55","2026","814","2026-02-04 13:32:06","6800000","1393.55","Land","Residential"
"6838413","Al Karama","423.54","2026","495","2026-01-20 13:26:49","6838413","423.54","Land","Commercial"
"6842267","Eyal Nasser","288.94","2026","777","2026-02-03 11:20:26","6842267","288.94","Land","Commercial"
"6861986","Hadaeq Sheikh Mohammed Bin Rashid","750","2026","458","2026-01-19 10:08:05","6861986","750","Land","Residential / Villas"
"6944532","Al Warqa First","1358.25","2026","1992","2026-04-17 10:49:55","6944532","1358.25","Land","Residential Flats"
"6976810","Al Hudaiba","762.55","2026","1268","2026-02-25 09:43:07","6976810","762.55","Land","Commercial"
"6999990","Um Suqaim First","929.03","2026","813","2026-02-04 13:18:13","6999990","929.03","Land","Residential"
"6999990","Al Goze Industrial Third","1858.06","2026","158","2026-01-08 09:21:36","6999990","1858.06","Land","Industrial"
"7000000","Business Bay","305.36","2026","2171","2026-04-28 12:53:04","7000000","305.36","Unit","Flat"
"7000000","Um Suqaim First","593.29","2026","1672","2026-03-30 12:59:02","7000000","593.29","Land","Residential"
"7000000","Al Bada","668.9","2026","1340","2026-03-02 10:56:38","7000000","668.9","Land","Residential"
"7000000","Al Ras","100.34","2026","244","2026-01-12 08:59:25","7000000","100.34","Land","Commercial"
"7000000","Hor Al Anz East","2041.17","2026","1172","2026-02-19 12:35:46","7000000","2041.17","Land","Residential"
"7000000","Al Hudaiba","1472.51","2026","1355","2026-03-03 10:42:32","7000000","1472.51","Land","Residential"
"7000000","Mirdif","929.03","2026","2120","2026-04-24 09:14:00","7000000","929.03","Land","Residential"
"7000000","Al Goze First","1381.1","2026","1500","2026-03-15 12:11:45","7000000","1381.1","Land","Residential"
"7000000","Al Hudaiba","1388.92","2026","927","2026-02-10 09:57:40","7000000","1388.92","Land","Residential"
"7000000","Nad Al Hamar","1393.57","2026","1600","2026-03-24 11:08:10","7000000","1393.57","Land","Residential"
"7000000","Mirdif","929.03","2026","2119","2026-04-24 09:08:57","7000000","929.03","Land","Residential"
"7000000","Mirdif","929.03","2026","2121","2026-04-24 09:23:26","7000000","929.03","Land","Residential"
"7030355","Al Khawaneej First","933.06","2026","1119","2026-02-17 09:12:01","7030355","933.06","Land","Residential"
"7087506","Mirdif","1881.29","2026","1754","2026-04-02 14:25:11","7087506","1881.29","Land","Residential"
"7111359","Al Nahda Second","1468.15","2026","884","2026-02-09 09:08:06","7111359","1468.15","Land","Commercial"
"7120320","Wadi Al Safa 5","2646","2026","936","2026-02-10 13:01:59","7120320","2646","Land","Commercial"
"7187505","Jumeirah Third","1161.29","2026","1061","2026-02-15 20:14:56","7187505","1161.29","Land","Residential"
"7200456","Marsa Dubai","407.64","2026","2037","2026-04-20 12:19:29","7200455.57","407.64","Unit","Flat"
"7218742","Um Suqaim Third","250.63","2026","1051","2026-02-13 10:26:30","7218741.84","250.63","Unit","Flat"
"7259712","Jumeirah Third","481.75","2026","1312","2026-02-26 14:40:24","7259712","963.5","Land","Residential"
"7286066","Marsa Dubai","369.98","2026","1509","2026-03-16 10:45:45","7286066.16","369.98","Unit","Flat"
"7286085","Hadaeq Sheikh Mohammed Bin Rashid","298.36","2026","144","2026-01-07 10:25:30","7286084.66","298.36","Unit","Flat"
"7368223","Warsan Fourth","6845.31","2026","1982","2026-04-17 08:40:32","7368223","6845.31","Land","Commercial"
"7500000","Hor Al Anz","232.26","2026","1690","2026-03-31 09:52:05","7500000","232.26","Land","Commercial"
"7500000","Al Khawaneej First","1858.06","2026","277","2026-01-13 09:02:25","7500000","1858","Land","Residential"
"7500000","Jabal Ali First","600.02","2026","1467","2026-03-12 10:14:11","7500000","600.02","Land","Commercial"
"7500000","Jabal Ali First","600.02","2026","1467","2026-03-12 10:14:11","7500000","600.02","Land","Commercial"
"7500000","Al Wasl","871.06","2026","779","2026-02-03 12:08:45","7500000","871.06","Land","Residential"
"7500030","Muhaisanah Fourth","1858.07","2026","535","2026-01-21 16:11:19","7500030","1858.07","Land","Commercial"
"7500124","Al Warqa First","1393.57","2026","439","2026-01-16 11:10:59","7500124","1393.57","Land","Residential"
"7582522","Jumeirah First","880.55","2026","567","2026-01-23 10:10:09","7582522","880.55","Land","Residential"
"7680000","Um Suqaim Second","594.58","2026","1753","2026-04-02 14:12:06","7680000","594.58","Land","Residential"
"7700000","Al Thanayah Fourth","532.89","2026","1389","2026-03-05 10:46:18","7700000","532.89","Land","Commercial"
"7702109","Al Satwa","1300.64","2026","1848","2026-04-09 11:29:25","7702109","1301","Land","Residential"
"7736930","Nad Al Shiba First","1437.57","2026","326","2026-01-14 08:21:16","7736930","1437.57","Land","Sports Club"
"7800000","Al Hebiah Fourth","76.19","2026","55","2026-01-05 12:17:00","7800000","76.19","Unit","Flat"
"7800000","Dubai Investment Park First","1005.65","2026","1433","2026-03-10 10:30:39","7800000","1005.65","Land","Commercial"
"7805001","Al Barsha Second","2071.74","2026","2046","2026-04-20 15:23:37","7805001","2071.74","Land","Residential"
"7807842","Al Baraha","659.43","2026","1123","2026-02-17 09:22:17","7807842","659.43","Land","Residential"
"7833482","Palm Jumeirah","207.93","2026","97","2026-01-06 12:40:38","7833482","207.93","Unit","Flat"
"7882673","Hadaeq Sheikh Mohammed Bin Rashid","665.75","2025","8279","2026-01-03 09:55:01","7882673","665.75","Land","Residential Flats"
"7899066","Al Khawaneej First","917.31","2026","1512","2026-03-16 11:12:51","7899066","917.31","Land","Residential"
"7985576","Al Khawaneej First","1483.77","2026","2135","2026-04-27 08:48:22","7985576","1483.77","Land","General Use"
"7999817","Al Lusaily","929.01","2026","610","2026-01-26 12:11:34","7999817","929.01","Land",""
"7999989","Um Suqaim Second","929.03","2026","1659","2026-03-27 11:17:11","7999989","929.03","Land","Residential"
"7999989","Um Suqaim Second","929.03","2026","1658","2026-03-27 11:00:43","7999989","929.03","Land","Residential"
"7999989","Ras Al Khor Industrial First","3697.54","2026","278","2026-01-13 09:40:41","7999989","3716.12","Land","Industrial"
"8000000","Al Suq Al Kabeer","220.18","2026","909","2026-02-09 14:24:41","8000000","220.18","Land","Commercial"
"8000000","Al Barsha Third","1393.55","2026","1528","2026-03-16 14:37:15","8000000","1393.55","Land","Residential"
"8000000","Al Suq Al Kabeer","375.33","2026","863","2026-02-06 09:45:39","8000000","375.33","Land","Commercial"
"8000000","Al Mizhar First","1393.55","2026","1173","2026-02-19 12:41:54","8000000","1393.55","Land","Residential"
"8000000","Al Satwa","1393.55","2026","603","2026-01-26 10:52:31","8000000","1394.26","Land","Residential"
"8000000","Al Thanayah Fourth","563","2026","1163","2026-02-18 16:19:50","8000000","563","Land","Commercial"
"8000000","Al Merkadh","1047.24","2026","1331","2026-03-02 00:42:34","8000000","1047.24","Land","Land"
"8000000","Al Barsha Second","1393.55","2026","1898","2026-04-13 10:24:36","8000000","1394","Land","Residential"
"8000247","Jabal Ali Industrial First","1858.12","2026","44","2026-01-05 10:11:09","8000247","1858.12","Land","Labor Camp"
"8000538","Al Khawaneej First","1486.55","2026","2139","2026-04-27 08:53:32","8000538","1486.55","Land","General Use"
"8010494","Nad Al Shiba First","930.25","2026","307","2026-01-13 13:50:39","8010494","930.25","Land","Villa"
"8015446","Al Khawaneej First","1489.32","2026","2140","2026-04-27 08:57:28","8015446","1489.32","Land","General Use"
"8030354","Al Khawaneej First","1492.09","2026","2141","2026-04-27 09:02:46","8030354","1492.09","Land","General Use"
"8037619","Um Suqaim First","933.37","2026","162","2026-01-07 14:48:44","8037619","933.4","Land","Residential"
"8045262","Al Khawaneej First","1494.86","2026","2131","2026-04-27 08:38:17","8045262","1494.86","Land","General Use"
"8046338","Jumeirah Second","747.53","2026","283","2026-01-13 10:23:37","8046338","747.53","Land","Residential"
"8060224","Al Khawaneej First","1497.64","2026","2133","2026-04-27 08:42:02","8060224","1497.64","Land","General Use"
"8071246","Jumeirah First","833.16","2026","1530","2026-03-17 09:41:25","8071246","833.16","Land","Residential"
"8072468","Madinat Al Mataar","2999.83","2026","842","2026-02-05 11:52:06","8072468","2999.83","Land",""
"8100287","Eyal Nasser","542.55","2026","1907","2026-04-13 13:15:05","8100287","537.53","Land","Commercial"
"8111352","Al Khawaneej First","1507.14","2026","2126","2026-04-27 07:58:25","8111352","1507.14","Land","General Use"
"8125776","Al Khawaneej First","1509.82","2026","2128","2026-04-27 08:22:15","8125776","1509.82","Land","General Use"
"8141706","Al Khawaneej First","1512.78","2026","2142","2026-04-27 09:37:09","8141706","1512.78","Land","General Use"
"8156076","Al Khawaneej First","1515.45","2026","2146","2026-04-27 10:35:11","8156076","1515.45","Land","General Use"
"8171038","Al Khawaneej First","1518.23","2026","2160","2026-04-28 07:03:43","8171038","1518.23","Land","General Use"
"8195298","Al Khawaneej First","1492.88","2026","2132","2026-04-27 08:41:43","8195298","1492.88","Land","General Use"
"8208912","Al Khawaneej First","1495.36","2026","2127","2026-04-27 08:05:50","8208912","1495.36","Land","General Use"
"8210723","Al Khawaneej First","1495.69","2026","2145","2026-04-27 10:29:29","8210723","1495.69","Land","General Use"
"8239765","Jabal Ali Industrial First","1913.75","2026","51","2026-01-05 12:01:35","8239765","1913.75","Land","Labor Camp"
"8240024","Jabal Ali Industrial First","1913.81","2026","49","2026-01-05 11:56:28","8240024","1913.81","Land","Labor Camp"
"8243920","Al Warqa First","1392.52","2026","2148","2026-04-27 10:44:26","8243920","1392.52","Land","Residential Flats"
"8243920","Al Warqa First","1392.52","2026","1242","2026-02-24 11:01:48","8243920","1392.52","Land","Residential Flats"
"8250018","Um Suqaim Second","1393.51","2026","176","2026-01-08 11:40:52","8250018","1393.55","Land","Residential"
"8258373","Al Khawaneej First","1504.37","2026","2136","2026-04-27 08:49:28","8258373","1504.37","Land","General Use"
"8268774","Jabal Ali First","1024.26","2026","606","2026-01-26 11:52:24","8268774","1024.26","Land","Commercial"
"8342748","Al Khawaneej First","1519.74","2026","2163","2026-04-28 07:24:54","8342748","1519.74","Land","General Use"
"8343303","Mankhool","2583.73","2026","623","2026-01-26 14:13:52","8343303","2583.73","Land","Residential"
"8354111","Al Khawaneej First","1521.81","2026","2161","2026-04-28 07:13:52","8354111","1521.81","Land","General Use"
"8354864","Madinat Hind 1","2587.31","2026","347","2026-01-14 10:50:34","8354864","2587.31","Land",""
"8365640","Al Khawaneej First","1523.91","2026","2152","2026-04-27 12:12:00","8365640","1523.91","Land","General Use"
"8438941","Jumeirah First","1206.16","2026","852","2026-02-05 15:30:45","8438941","1206.16","Land","Residential"
"8466907","Hadaeq Sheikh Mohammed Bin Rashid","346.8","2026","143","2026-01-07 10:19:07","8466906.62","346.8","Unit","Flat"
"8500000","Jumeirah Third","929.03","2026","605","2026-01-26 11:50:55","8500000","929.03","Land","Residential"
"8500000","Al Suq Al Kabeer","225.01","2026","1841","2026-04-09 10:07:04","8500000","225.01","Land","Commercial"
"8500000","Al Suq Al Kabeer","238.39","2026","1205","2026-02-23 12:24:34","8500000","238.39","Land","Commercial"
"8500000","Wadi Al Safa 6","619.66","2026","2029","2026-04-20 11:00:26","8500000","619.66","Land","Residential"
"8500000","Wadi Al Safa 2","1134.62","2026","2067","2026-04-21 13:04:27","8500000","1134.62","Land","Residential"
"8509899","Al Warqa First","1374.95","2026","2068","2026-04-21 14:07:45","8509899","1374.95","Land","Commercial"
"8545231","Al Khawaneej First","1512.15","2026","2164","2026-04-28 07:32:06","8545231","1512.15","Land","General Use"
"8635005","Al Nahda Second","1458.58","2026","147","2026-01-07 10:44:47","8635005","1458.58","Land","Commercial"
"8638105","Dubai Investment Park Second","964.29","2026","1689","2026-03-31 09:50:47","8638105.25","964.29","Unit","Warehouse"
"8720503","Al Barshaa South Second","1200.24","2026","2109","2026-04-23 10:14:21","8720503","1200.24","Land","Commercial"
"8729980","Jumeirah First","1081.39","2026","1566","2026-03-23 09:40:26","8729980","1081.39","Land","Residential"
"8750082","Al Satwa","232.26","2026","1184","2026-02-20 11:08:31","8750082","232.26","Land","Residential"
"8806208","Nad Al Hamar","1298.61","2026","853","2026-02-05 19:06:56","8806208","1298.61","Land","Commercial"
"8837393","Saih Shuaib 2","2526.22","2026","1837","2026-04-09 09:12:49","8837393","2526.22","Land","Industrial"
"8867430","Al Khawaneej First","1497.84","2026","2138","2026-04-27 08:52:50","8867430","1497.84","Land","General Use"
"8892488","Al Merkadh","826.13","2026","379","2026-01-15 08:18:41","8892488","826.14","Land","Villa"
"8999116","Al Warqa First","1393.41","2026","1170","2026-02-19 12:03:10","8999116","1393.41","Land","Commercial"
"8999374","Al Warqa First","1393.45","2026","170","2026-01-08 10:47:00","8999374","1393.45","Land","Residential Flats"
"9000000","Jumeirah Third","594.58","2026","528","2026-01-21 12:19:43","9000000","594.58","Land","Residential"
"9000000","Al Barsha Third","1393.55","2026","1456","2026-03-11 11:46:16","9000000","1393.55","Land","Residential"
"9000000","Al Ras","394.19","2023","2666","2026-01-13 11:20:00","9000000","394.19","Land","Commercial"
"9000000","Al Mizhar Third","1593.1","2026","937","2026-02-10 13:11:04","9000000","1593.1","Land",""
"9000000","Al Twar Third","2769","2026","1506","2026-03-16 10:02:12","9000000","2769","Land","Residential"
"9000000","Mirdif","1637.23","2026","1576","2026-03-23 13:13:31","9000000","1637.23","Land","Residential"
"9000020","Al Warqa First","1393.55","2026","1401","2026-03-07 09:52:16","9000020","1393.55","Land","Residential Flats"
"9000020","Al Saffa Second","1393.55","2026","1067","2026-02-16 08:48:10","9000020","1393.55","Land","Residential"
"9000020","Al Bada","1393.55","2026","1175","2026-02-19 13:11:41","9000020","1393.55","Land","Residential"
"9000020","Al Warqa First","1393.55","2026","485","2026-01-20 12:00:21","9000020","1393.55","Land",""
"9002926","Um Suqaim Second","1394","2026","564","2026-01-23 09:24:25","9002926","1394","Land","Residential"
"9009578","Al Warqa First","1395.03","2026","1660","2026-03-28 09:54:58","9009578","1395.03","Land","Residential Flats"
"9011806","Nad Al Shiba First","930.25","2026","1494","2026-03-14 17:39:40","9011806","930.25","Land","Villa"
"9011903","Nad Al Shiba First","930.26","2026","1495","2026-03-14 17:45:51","9011903","930.26","Land","Villa"
"9059566","Nad Al Shiba First","1870.36","2026","327","2026-01-14 08:26:03","9059566","1870.36","Land","Sports Club"
"9132238","Al Khawaneej First","1542.57","2026","2134","2026-04-27 08:45:42","9132238","1542.57","Land","General Use"
"9178787","Al Barshaa South Third","1421.23","2026","589","2026-01-25 15:33:52","9178787","1421.23","Land",""
"9180999","Al Warqa First","1483.38","2026","1361","2026-03-03 12:18:45","9180999","1483.38","Land","Commercial"
"9200706","Nad Al Shiba First","1780.78","2026","328","2026-01-14 08:29:28","9200706","1780.78","Land","Sports Club"
"9201584","Al Satwa","1068.57","2026","455","2026-01-19 09:58:42","9201584","1068.57","Land","Commercial"
"9221971","Nad Al Shiba First","1862.5","2026","329","2026-01-14 08:31:48","9221971","1862.5","Land","Sports Club"
"9227450","Al Baraha","659.43","2026","969","2026-02-11 12:13:40","9227450","659.43","Land","Residential"
"9300000","Al Wasl","661.1","2026","985","2026-02-11 15:22:06","9300000","661.1","Land","Residential"
"9357423","Nad Al Shiba First","1756.23","2026","323","2026-01-14 08:15:19","9357423","1756.23","Land","Sports Club"
"9364748","Nad Al Shiba First","1812.53","2026","325","2026-01-14 08:18:28","9364748","1812.53","Land","Sports Club"
"9392493","Al Warqa First","1454.32","2026","1455","2026-03-11 11:14:37","9392493","1454.32","Land","Residential"
"9434451","Mirdif","876.49","2026","1775","2026-04-06 10:56:57","9434451","876.49","Land",""
"9441966","Nad Al Shiba First","1790.18","2026","331","2026-01-14 08:36:34","9441966","1790.18","Land","Sports Club"
"9455117","Nad Al Shiba First","1756.82","2026","330","2026-01-14 08:34:13","9455117","1756.82","Land","Sports Club"
"9500000","Mirdif","1393.55","2026","96","2026-01-06 12:30:53","9500000","1393.55","Land","Residential"
"9500000","Um Al Sheif","908.87","2026","311","2026-01-13 14:38:43","9500000","908.87","Land","Government Housing"
"9504158","Wadi Al Safa 5","1471.61","2026","2172","2026-04-28 13:11:25","9504158","1471.61","Land","Residential"
"9522187","Palm Jumeirah","376.57","2026","889","2026-02-09 11:09:30","9522187.06","376.57","Unit","Flat"
"9600021","Um Al Sheif","1114.84","2026","1498","2026-03-15 11:47:15","9600021","1114.84","Land","Residential"
"9674593","Al Warqa First","1284","2026","2167","2026-04-28 10:18:32","9674593","1284","Land","Residential Flats"
"9685196","Hor Al Anz","1799.57","2026","94","2026-01-06 12:13:42","9685196","1799.57","Land","Residential"
"9700000","Hor Al Anz","2677.12","2026","1713","2026-04-01 07:42:33","9700000","2677.12","Land",""
"9738967","Al Manara","1391.97","2026","1227","2026-02-24 09:08:29","9738967","1391.97","Land","Government Housing"
"9750021","Um Suqaim Second","1393.55","2026","1007","2026-02-12 10:57:59","9750021","1393.55","Land","Residential"
"9763202","Al Barshaa South Third","1511.72","2026","913","2026-02-10 08:03:31","9763202","1511.72","Land",""
"9767593","Ghadeer Al tair","3024.8","2026","1228","2026-02-24 09:20:58","9767593","3024.8","Land","Residential"
"9802791","Al Warqa First","1517.85","2026","2122","2026-04-24 12:42:16","9802791","1517.85","Land","Commercial"
"9997596","Al Barsha Second","1161.01","2026","1934","2026-04-14 16:46:31","9997596","1161.01","Land","Villa"
"10000000","Wadi Al Safa 5","874.5","2026","419","2026-01-15 22:13:32","10000000","874.5","Land","Residential"
"10000000","Mirdif","1388.16","2026","527","2026-01-21 12:13:14","10000000","1388.16","Land","Residential"
"10000000","Jumeirah Third","929.03","2026","694","2026-01-30 10:25:34","10000000","929.03","Land","Residential"
"10000000","Al Mizhar First","2952.46","2026","1466","2026-03-12 10:11:28","10000000","2952.46","Land","Residential"
"10000000","Jumeirah First","746.75","2026","1986","2026-04-17 09:21:41","10000000","746.75","Land","Residential"
"10000000","Um Suqaim First","916.3","2026","664","2026-01-28 13:33:05","10000000","916.3","Land","Residential"
"10000000","Al Thanyah Third","484.35","2026","47","2026-01-05 10:40:52","10000000","484.35","Land","Residential"
"10000000","Muhaisanah First","3716.12","2026","978","2026-02-11 13:16:23","10000000","3716.12","Land","Residential"
"10000000","Al Thanyah Fifth","781.73","2026","2044","2026-04-20 15:00:22","10000000","781.73","Land","Commercial"
"10013226","Nad Al Shiba First","930.26","2026","1750","2026-04-02 12:42:07","10013226","930.26","Land","Villa"
"10050038","Al Suq Al Kabeer","466.84","2026","1544","2026-03-17 14:22:06","10050038","466.84","Land","Commercial"
"10077927","Um Suqaim Second","1337.53","2026","1613","2026-03-24 21:41:27","10077927","1337.53","Land","Residential"
"10170206","Al Warsan Second","1574.74","2026","1667","2026-03-30 09:40:38","10170206","1574.74","Land","General Use"
"10303248","Al Hamriya","797.67","2026","742","2026-02-02 14:52:29","10303248","797.67","Land","Commercial"
"10303937","Al Thanyah First","2393.17","2026","1798","2026-04-07 09:40:24","10303937","2393.17","Land","Commercial"
"10321564","Al Nahda First","998.86","2026","1720","2026-04-01 09:17:05","10321564","998.86","Land","Commercial"
"10457425","Al Hebiah Fourth","1295.37","2026","602","2026-01-26 10:31:52","10457425","1295.37","Land","Land"
"10464061","Al Mamzer","1620.24","2026","1569","2026-03-23 10:36:32","10464061","1620.24","Land","Residential"
"10500000","Muhaisanah First","3678.96","2026","977","2026-02-11 13:16:11","10500000","3678.96","Land","Residential"
"10500830","Al Qusais Industrial Fifth","1219.45","2026","1878","2026-04-10 08:43:17","10500830","1219.45","Land","Commercial"
"10594993","Al Barshaa South Third","1514.32","2026","454","2026-01-19 09:49:37","10594993","1514.32","Land","Commercial"
"10656037","Al Khawaneej First","1767.82","2026","2130","2026-04-27 08:38:10","10656037","1767.82","Land","General Use"
"10663263","Al Nahda First","1042.79","2026","1957","2026-04-16 10:35:24","10663263","1042.79","Land","Commercial"
"10664388","Al Nahda First","1042.9","2026","1953","2026-04-16 10:26:08","10664388","1042.9","Land","Commercial"
"10664899","Al Nahda First","1042.95","2026","1954","2026-04-16 10:30:45","10664899","1042.95","Land","Commercial"
"10776541","Al Nahda First","1042.89","2026","1958","2026-04-16 10:36:29","10776541","1042.89","Land","Commercial"
"10776644","Al Nahda First","1042.9","2026","1960","2026-04-16 10:40:08","10776644","1042.9","Land","Commercial"
"10776644","Al Nahda First","1042.9","2026","1959","2026-04-16 10:39:57","10776644","1042.9","Land","Commercial"
"10776960","Al Nahda First","1042.95","2026","1469","2026-03-12 10:42:00","10776960","1042.95","Land","Commercial"
"10777161","Al Nahda First","1042.95","2026","1961","2026-04-16 10:43:07","10777161","1042.95","Land","Commercial"
"10856943","Jumeirah Second","1440.6","2026","689","2026-01-29 15:26:08","10856943","744.15","Land","Residential"
"10869957","Al Barshaa South Third","1553.62","2026","1094","2026-02-16 12:14:06","10869957","1553.62","Land","Commercial"
"10920426","Al Khawaneej First","1749.21","2026","2162","2026-04-28 07:19:53","10920426","1749.21","Land","General Use"
"10941526","Al Yelayiss 1","1694.17","2026","1460","2026-03-11 13:15:44","10941526","1694.17","Land","Villa"
"10999985","Jumeirah Second","464.52","2026","39","2026-01-05 08:24:20","10999985","929.03","Land","Residential"
"11000000","Al Thanyah Fifth","744.76","2026","1520","2026-03-16 12:12:15","11000000","744.76","Land","Commercial"
"11000000","Al Hebiah Fifth","640","2026","681","2026-01-29 10:07:48","11000000","640","Land","Residential"
"11000000","Al Thanyah Fifth","932.32","2026","543","2026-01-22 10:20:40","11000000","932.32","Land","Commercial"
"11000000","Al Suq Al Kabeer","364.28","2026","867","2026-02-06 11:15:20","11000000","364.28","Land","Commercial"
"11000000","Mirdif","1381.1","2026","1300","2026-02-26 11:44:28","11000000","1381.1","Land","Residential"
"11000000","Naif","269.6","2026","1338","2026-03-02 10:34:54","11000000","269.6","Land","Commercial"
"11031990","Al Goze First","3660.38","2026","1684","2026-03-31 08:49:32","11031990","3660.38","Land",""
"11094664","Al Mamzer","1472.47","2026","45","2026-01-05 10:29:08","11094664","1472.47","Land","General Use"
"11132537","Nad Al Hamar","1591.15","2026","301","2026-01-13 12:21:32","11132537","1591.15","Land","Commercial"
"11242194","Al Merkadh","696.29","2026","858","2026-02-06 09:01:23","11242194","696.29","Land","Residential"
"11320566","Mirdif","876.43","2026","1575","2026-03-23 13:08:13","11320566","876.43","Land","Residential Flats"
"11326798","Al Karama","701.52","2026","536","2026-01-21 16:12:51","11326798","701.53","Land","Commercial"
"11500000","Mirdif","1381","2026","105","2026-01-06 14:49:32","11500000","1381.1","Land","Residential"
"11501981","Al Buteen","237.46","2026","246","2026-01-12 09:16:07","11501981","237.46","Land","Commercial"
"11518449","Al Raffa","1189","2026","1465","2026-03-12 01:21:48","11518449","1189","Land",""
"11591278","Saih Shuaib 2","3076.76","2026","667","2026-01-28 16:05:40","11591278","3076.76","Land","Industrial"
"11609899","Al Mararr","599.22","2026","1833","2026-04-09 08:30:47","11609899","599.22","Land","Commercial"
"11883242","Al Nahda First","1149.99","2026","1722","2026-04-01 09:21:07","11883242","1149.99","Land","Commercial"
"11894949","Um Suqaim Second","1700.1","2026","43","2026-01-05 10:04:40","11894949","1700.12","Land","Residential"
"11999983","Mirdif","2787.09","2026","1241","2026-02-24 10:40:57","11999983","2787.09","Land","Residential"
"11999983","Mankhool","929.03","2026","1987","2026-04-17 09:56:35","11999983","929.03","Land","Commercial"
"11999983","Al Ttay","1858.06","2026","961","2026-02-11 11:41:29","11999983","1858.06","Land","Labor Camp"
"11999983","Al Karama","929.03","2026","862","2026-02-06 09:33:30","11999983","929.03","Land","Commercial"
"11999983","Al Ttay","1858.06","2026","963","2026-02-11 11:57:52","11999983","1858.06","Land","Labor Camp"
"11999983","Al Raffa","929.03","2026","687","2026-01-29 14:58:59","11999983","929.03","Land","Commercial"
"12000000","Al Khawaneej First","900.98","2026","238","2026-01-10 14:43:53","12000000","900.98","Land","Residential"
"12000000","Um Al Sheif","1114.84","2026","1497","2026-03-15 11:32:23","12000000","1114.84","Land","Residential"
"12000000","Al Safouh First","692.25","2026","1607","2026-03-24 13:49:04","12000000","692.25","Land","Commercial"
"12000000","Um Suqaim Second","1114.84","2026","1871","2026-04-09 15:19:08","12000000","1114.84","Land","Residential"
"12000000","Al Suq Al Kabeer","274.71","2023","2671","2026-01-13 11:20:48","12000000","274.71","Land","Commercial"
"12000000","Al Safouh First","759.09","2026","1606","2026-03-24 13:41:16","12000000","759.09","Land","Commercial"
"12000000","Lehbab Second","3716.12","2026","1202","2026-02-23 10:15:39","12000000","3716.12","Land","Petrol Station"
"12000000","Al Barsha Second","1811.76","2026","308","2026-01-13 14:23:13","12000000","1811.76","Land","Residential"
"12000000","Al Satwa","1379.89","2026","462","2026-01-19 10:53:56","12000000","1383.33","Land","Commercial"
"12000000","Um Suqaim Second","576.02","2026","637","2026-01-27 08:54:04","12000000","576.02","Land","Residential"
"12000000","Al Suq Al Kabeer","457.55","2026","372","2026-01-14 14:10:08","12000000","457.55","Land","Commercial"
"12000000","Dubai Investment Park Second","5717.29","2026","749","2026-02-02 15:44:27","12000000","5717","Land","Commercial"
"12000000","Al Thanayah Fourth","540.02","2026","518","2026-01-21 11:33:42","12000000","540.05","Land","Commercial"
"12067925","Jumeirah First","1601.64","2026","1457","2026-03-11 12:17:37","12067925","1601.64","Land","Residential"
"12175230","Jabal Ali Industrial First","7540.79","2026","1416","2026-03-09 10:23:15","12175230","7540.78","Land","Industrial"
"12202248","Al Raffa","1030.57","2026","1109","2026-02-16 15:45:41","12202248","1030.57","Land","Commercial"
"12315893","Al Thanyah Third","762.79","2026","1742","2026-04-02 08:13:28","12315893","762.79","Land","Residential"
"12470383","Al Nahda First","1206.81","2026","1721","2026-04-01 09:19:02","12470383","1206.81","Land","Commercial"
"12486877","Al Goze Fourth","1160.07","2026","957","2026-02-11 11:16:05","12486877","1160.07","Land","Land"
"12621130","Al Barshaa South Third","1737.1","2026","660","2026-01-28 10:11:00","12621130","1737.1","Land",""
"12672264","Wadi Al Safa 3","3550.81","2026","1410","2026-03-08 12:40:35","12672264","3924.31","Land","Residential"
"12730895","Al Murqabat","906.18","2026","1209","2026-02-23 12:49:20","12730895","909.8","Land","Commercial"
"12748747","Al Warqa First","1393.41","2026","1083","2026-02-16 10:13:50","12748747","1393.41","Land","Commercial"
"12776378","Al Warqa First","1396.43","2026","975","2026-02-11 12:26:41","12776378","1396.43","Land","Commercial"
"12799676","Um Suqaim Second","1189.13","2026","1378","2026-03-04 12:57:15","12799676","1189.13","Land","Residential"
"12895307","Dubai Investment Park Second","6827.7","2026","100","2026-01-06 13:48:47","12895307","14975.18","Land","Commercial"
"12916594","Al Merkadh","2999.98","2026","823","2026-02-05 10:15:28","12916594","2999.98","Land","Land"
"12999982","Al Muteena","929.03","2026","2176","2026-04-28 14:32:07","12999982","929.03","Land","Commercial"
"13000000","Mirdif","2717.41","2026","52","2026-01-05 12:04:46","13000000","2717.41","Land","Residential"
"13000000","Naif","401.06","2026","53","2026-01-05 12:07:31","13000000","401.06","Land","Commercial"
"13000000","Um Al Sheif","1393.55","2026","310","2026-01-13 14:32:22","13000000","1393.55","Land","Residential"
"13000000","Um Suqaim Third","1374.96","2026","941","2026-02-10 14:27:10","13000000","1374.96","Land","Residential"
"13000000","Al Warqa First","1402.74","2026","1503","2026-03-15 12:43:33","13000000","1402.74","Land",""
"13000000","Al Barsha Second","1393.55","2026","222","2026-01-09 10:01:41","13000000","1393.55","Land","Residential"
"13333673","Um Suqaim First","1238.74","2026","1252","2026-02-24 12:43:29","13333673","1238.74","Land","Residential"
"13345309","Al Barsha First","1127.11","2026","1948","2026-04-16 09:34:30","13345309","1127.11","Land",""
"13440371","Al Warqa First","1664.87","2026","245","2026-01-12 09:03:11","13440371","1664.87","Land","Government Housing"
"13507650","Jumeirah Second","1930.62","2026","848","2026-02-05 14:56:11","13507650","1930.62","Land","Residential"
"13744567","Jumeirah First","1647.64","2026","565","2026-01-23 10:00:45","13744567","1647.63","Land","Residential"
"13831181","Al Barshaa South Third","2141.6","2026","914","2026-02-10 08:09:22","13831181","2141.6","Land",""
"13851235","Marsa Dubai","1005.72","2026","1821","2026-04-08 12:19:40","13851234.92","1005.72","Unit","Flat"
"13857157","Marsa Dubai","1006.15","2026","1816","2026-04-08 11:22:21","13857157.08","1006.15","Unit","Flat"
"13890598","Um Suqaim Third","1720.64","2026","1781","2026-04-06 12:30:30","13890598","1720.64","Land",""
"13895881","Al Warsan First","2049.16","2026","2179","2026-04-28 15:11:06","13895881","2049.16","Land","Commercial"
"13936162","Al Nahda First","1296.69","2026","1468","2026-03-12 10:38:00","13936162","1296.69","Land","Commercial"
"14000000","Jumeirah Second","1040","2026","2183","2026-04-29 09:38:02","14000000","1040","Land","Residential"
"14000000","Al Safouh First","884.38","2026","1605","2026-03-24 13:27:57","14000000","884.38","Land","Commercial"
"14000000","Al Wasl","1374.96","2026","1311","2026-02-26 14:17:28","14000000","1374.96","Land","Residential"
"14000000","Lehbab First","29807.56","2026","803","2026-02-04 09:06:13","14000000","29807.59","Land","Agricultural"
"14000000","Al Ras","205.85","2026","505","2026-01-20 18:41:02","14000000","205.85","Land","Commercial"
"14000000","Al Qusais Industrial First","3350.1","2026","1087","2026-02-16 11:10:32","14000000","3350.1","Land","Industrial"
"14000000","Um Al Sheif","1374.96","2026","2060","2026-04-21 11:56:30","14000000","1374.96","Land","Residential"
"14000000","Al Barsha First","1235.24","2026","1802","2026-04-07 13:47:34","14000000","1235.24","Land",""
"14091120","Marsa Dubai","581.81","2026","743","2026-02-02 14:54:35","14091120.1","581.81","Unit","Flat"
"14123150","Abu Hail","7289.36","2026","665","2026-01-28 13:44:19","14123150","7289.36","Land","Commercial"
"14189350","Al Yelayiss 1","2636.47","2026","8","2026-01-02 09:35:45","14189350","2636.47","Land","Villa"
"14282974","Hor Al Anz","1474.37","2026","1543","2026-03-17 13:59:06","14282974","1474.37","Land","Residential"
"14299938","Mankhool","1021.93","2026","438","2026-01-16 10:46:47","14299938","1021.93","Land","Commercial"
"14339452","Al Yelayiss 1","2664.36","2026","281","2026-01-13 09:57:47","14339452","2664.36","Land","Villa"
"14359877","Um Al Sheif","1778.77","2026","1751","2026-04-02 13:13:44","14359877","1778.77","Land",""
"14435520","AL QUSAIS","2682.21","2026","560","2026-01-22 18:37:14","14435520","2682.21","Land","Commercial"
"14694984","Al Warsan First","1365.21","2026","165","2026-01-07 17:17:48","14694984","1365.21","Land","Commercial"
"14697696","Al Mamzer","2275.77","2026","1568","2026-03-23 10:31:24","14697696","2275.77","Land","General Use"
"14763711","Al Rowaiyah Second","5486.38","2026","828","2026-02-05 10:43:09","14763711","5486.38","Land",""
"14805600","Al Nahda First","1146.24","2026","1441","2026-03-10 11:17:58","14805600","1146.24","Land","Commercial"
"14985071","Al Hebiah Second","3164","2026","402","2026-01-15 09:51:23","14985071","3164","Land","Land"
"14998526","Al Warqa First","1393.41","2026","1687","2026-03-31 09:46:07","14998526","1393.41","Land","Commercial"
"14999979","Rega Al Buteen","929.03","2026","2054","2026-04-21 10:23:09","14999979","929.03","Land","Commercial"
"15000000","Al Hamriya","830.35","2026","1415","2026-03-09 10:00:57","15000000","830.35","Land","Commercial"
"15000000","Um Suqaim Third","771.75","2026","413","2026-01-15 14:04:42","15000000","771.75","Land","Residential"
"15000000","Al Manara","1392.77","2026","317","2026-01-13 15:02:44","15000000","1393.55","Land","Residential"
"15000000","Ras Al Khor Industrial Second","3716.12","2026","1088","2026-02-16 11:27:53","15000000","3716.12","Land","Industrial"
"15000000","Al Khawaneej First","1858.06","2026","516","2026-01-21 11:22:36","15000000","1858.06","Land","Residential"
"15000000","Al Mararr","371.43","2026","1628","2026-03-25 14:20:43","15000000","371.55","Land","Commercial"
"15000000","AL TWAR FIFTH","1598.5","2026","514","2026-01-21 10:50:54","15000000","1598.5","Land","Residential"
"15000000","Ras Al Khor Industrial First","3982.47","2026","2019","2026-04-20 09:07:10","15000000","3982.47","Land","Industrial"
"15000000","Jumeirah First","1616.51","2026","313","2026-01-13 14:45:45","15000000","1616.51","Land","Residential / Villas"
"15019989","Al Goze Industrial First","6977.02","2026","1867","2026-04-09 14:37:44","15019989","6977.02","Land","Industrial"
"15267296","Al Hebiah Second","3223.59","2026","427","2026-01-16 08:57:51","15267296","3223.59","Land","Land"
"15316771","AL TWAR FIFTH","1778.72","2026","500","2026-01-20 14:23:54","15316771","1778.72","Land","Commercial"
"15348378","Al Hebiah Second","3240.71","2026","382","2026-01-15 08:27:51","15348378","3240.71","Land","Land"
"15348615","Al Hebiah Second","3240.76","2026","428","2026-01-16 08:59:41","15348615","3240.76","Land","Land"
"15358656","Al Hebiah Second","3242.88","2026","392","2026-01-15 09:18:47","15358656","3242.88","Land","Land"
"15358845","Al Hebiah Second","3242.92","2026","426","2026-01-16 08:55:47","15358845","3242.92","Land","Land"
"15429669","Al Goze Industrial Second","4410.66","2026","697","2026-01-30 13:27:30","15429669","4410.66","Land","Industrial"
"15475367","Business Bay","1437.71","2026","1621","2026-03-25 10:05:16","15475367","1437.71","Land","Multi Store Parcking"
"15494582","Al Hebiah Second","3271.58","2026","401","2026-01-15 09:46:03","15494582","3271.58","Land","Land"
"15500000","Um Suqaim Second","692.13","2026","984","2026-02-11 15:05:13","15500000","1384.26","Land","Government Housing"
"15500000","Dubai Investment Park Second","3112","2026","160","2026-01-07 14:16:06","15500000","3112","Land","Commercial"
"15512816","Al Hebiah Second","3275.43","2026","424","2026-01-16 08:51:35","15512816","3275.43","Land","Land"
"15543432","Um Suqaim Third","2221.59","2026","892","2026-02-09 11:29:47","15543432","2221.59","Land",""
"15552248","Al Khabeesi","4128.15","2026","600","2026-01-26 10:06:07","15552248","4128.15","Land","Commercial"
"15600013","Trade Center First","1449.29","2026","947","2026-02-10 17:33:19","15600013","1449.29","Land","Industrial"
"15600034","Al Barsha First","1114.84","2026","553","2026-01-22 16:29:04","15600034","1114.84","Land","Commercial"
"15601294","Al Barsha First","1114.93","2026","805","2026-02-04 09:45:03","15601294","1114.93","Land","Commercial"
"15605360","Al Hebiah Second","3294.97","2026","425","2026-01-16 08:53:48","15605360","3294.97","Land","Land"
"15639990","Al Garhoud","3632.51","2026","776","2026-02-03 11:13:13","15639990","3632.51","Land","Residential / Villas"
"15658299","Jabal Ali First","2909.41","2026","1485","2026-03-13 10:14:51","15658299","2909.41","Land","Commercial"
"15752085","Al Mamzer","1626.02","2026","1474","2026-03-12 12:31:30","15752085","1626.02","Land","Commercial"
"15934748","Al Barsha First","1057.42","2026","1555","2026-03-23 10:49:40","15934748","1057.42","Land","Commercial"
"15999978","Jabal Ali Industrial First","1858.06","2026","972","2026-02-11 12:19:33","15999978","1858.06","Land","Labor Camp"
"16000000","Naif","349.5","2026","2086","2026-04-22 12:34:06","16000000","349.5","Land","Commercial"
"16000000","Al Hebiah Third","519","2026","285","2026-01-13 10:38:05","16000000","519","Land","Residential"
"16000000","Al Hamriya","782.34","2026","1057","2026-02-13 12:13:21","16000000","782.34","Land","Commercial"
"16000000","Dubai Investment Park First","2859","2026","1939","2026-04-15 08:56:03","16000000","2859","Land","Commercial"
"16000000","Al Mararr","342.16","2026","1092","2026-02-16 11:56:29","16000000","342.16","Land","Commercial"
"16000000","Um Suqaim First","418.62","2026","362","2026-01-14 12:23:24","16000000","418.66","Land","Residential"
"16000000","Al Karama","1386.76","2026","725","2026-02-02 11:57:45","16000000","1386.76","Land","Commercial"
"16048760","Al Bada","1490.98","2026","847","2026-02-05 14:35:22","16048760","1490.98","Land","Residential"
"16071967","Al Muteena","933.21","2026","1645","2026-03-26 11:56:25","16071967","933.21","Land","Commercial"
"16241627","Al Yelayiss 1","2514.83","2026","2051","2026-04-21 08:44:28","16241627","2514.83","Land","Residential"
"16309978","Al Goze Industrial Second","4329.28","2026","888","2026-02-09 10:40:41","16309978","4329.28","Land","Industrial"
"16399878","Al Manara","2344","2026","373","2026-01-14 16:07:37","16399878","2344","Land","Residential"
"16418112","Al Layan1","7626.47","2026","735","2026-02-02 13:29:22","16418112","7626.47","Land","Warehouse"
"16500036","Nad Al Shiba First","1393.55","2026","397","2026-01-15 09:35:55","16500036","1393.55","Land","Sports Club"
"16537489","Um Ramool","4389.67","2026","229","2026-01-09 11:00:27","16537489","4389.67","Land","Residential"
"16584920","Al Barshaa South Second","3668.55","2026","394","2026-01-15 09:23:03","16584920","3668.55","Land","Commercial"
"16676037","Jabal Ali Industrial First","3873.14","2026","911","2026-02-09 15:23:13","16676037","3873.14","Land","Labor Camp"
"16802459","Jumeirah First","2401.54","2026","151","2026-01-07 11:32:33","16802459","2401.54","Land","Residential"
"16844018","Al Barshaa South Third","2407.48","2026","1975","2026-04-17 00:27:48","16844018","2407.48","Land",""
"16869539","Hor Al Anz East","1741.37","2026","951","2026-02-11 08:01:42","16869539","1741.37","Land","Residential"
"17000000","Nad Al Hamar","1858","2026","92","2026-01-06 11:54:38","17000000","1858","Land",""
"17285962","Al Murqabat","1605.92","2026","1989","2026-04-17 10:16:16","17285962","1605.92","Land","Commercial"
"17360244","Al Garhoud","4608.06","2026","532","2026-01-21 14:52:38","17360244","4608.06","Land","Commercial"
"17498226","Al Barshaa South Second","4359.74","2026","389","2026-01-15 09:07:05","17498226","4278","Land","Commercial"
"17694560","Mankhool","1174.2","2026","1844","2026-04-09 10:30:47","17694560","1174.2","Land","Commercial"
"17759789","Al Satwa","1374.95","2026","1965","2026-04-16 11:56:51","17759789","1374.95","Land","Commercial / Offices / Residential"
"17798907","Al Barshaa South Second","3801.32","2026","387","2026-01-15 08:56:30","17798907","3801.32","Land","Commercial"
"17812059","Al Barshaa South Third","1504.36","2026","1602","2026-03-24 12:27:17","17812059","1504.36","Land","Residential"
"18000000","Jumeirah Third","899.39","2026","1635","2026-03-26 08:31:14","18000000","899.39","Land","Residential"
"18000000","Al Warsan First","1430.22","2026","1615","2026-03-25 08:11:49","18000000","1430.22","Land","Residential"
"18000000","Al Manara","1637.8","2026","616","2026-01-26 12:56:30","18000000","1635.74","Land","Residential"
"18000000","Jumeirah Third","910.45","2026","1919","2026-04-13 14:45:45","18000000","910.45","Land","Residential"
"18000000","Al Suq Al Kabeer","530.48","2026","1988","2026-04-17 09:57:48","18000000","530.48","Land","Commercial"
"18000039","Hor Al Anz","1393.55","2026","971","2026-02-11 12:17:31","18000039","1393.55","Land","Commercial"
"18000039","Um Al Sheif","1393.55","2026","816","2026-02-04 14:36:57","18000039","1393.55","Land",""
"18053269","Warsan Fourth","2541.22","2026","573","2026-01-23 10:33:11","18053269","2541.22","Land",""
"18236458","Al Barsha First","1210.16","2026","1451","2026-03-10 14:21:40","18236458","1210.16","Land","Commercial"
"18352369","Al Yelayiss 2","6819.97","2026","1782","2026-04-06 12:32:34","18352369","6819.97","Land","Residential"
"18424352","Al Barsha Third","4279.2","2026","1626","2026-03-25 13:43:48","18424352","4279.2","Land","Residential"
"18500000","Saih Shuaib 2","7100.41","2026","1027","2026-02-12 13:35:49","18500000","7100.41","Land","Industrial"
"18646024","Al Warsan Third","8661.36","2026","482","2026-01-20 10:40:42","18646024","8661.37","Land","Agricultural"
"18793124","Al Hamriya","1454.95","2026","1102","2026-02-16 14:07:25","18793124","1454.95","Land","Commercial"
"19000000","Ras Al Khor Industrial Second","4626.57","2026","2032","2026-04-20 11:13:53","19000000","4626.57","Land","Industrial"
"19000000","Mirdif","2204.67","2026","2178","2026-04-28 15:00:49","19000000","2204.67","Land","Residential"
"19185532","Al Muteena","1697.52","2026","259","2026-01-12 12:47:17","19185532","1697.52","Land","Commercial"
"19199956","Jumeirah Third","2229.67","2026","870","2026-02-06 11:28:44","19199956","2229.67","Land","Residential"
"19213562","Nad Al Shiba First","1428","2026","897","2026-02-09 12:35:03","19213562","1428","Land","Commercial"
"19214595","Madinat Hind 3","5950.32","2026","1516","2026-03-16 11:28:03","19214595","5950.32","Land","Residential"
"19239772","Al Satwa","1374.95","2026","2156","2026-04-27 13:16:32","19239772","1374.95","Land","Commercial / Offices / Residential"
"19318768","Al Warqa First","2991.29","2026","1896","2026-04-13 09:57:11","19318768","2991.29","Land","Commercial"
"19338961","Ras Al Khor Industrial Second","3593.3","2026","1459","2026-03-11 12:25:29","19338961","3593.3","Land","Industrial"
"19375020","Um Suqaim First","3000","2026","2012","2026-04-17 13:03:08","19375020","3000","Land",""
"19409543","Jabal Ali Industrial First","5548.33","2026","1728","2026-04-01 12:47:59","19409543","5548.33","Land","Warehouse"
"19532754","Al Nahda Second","3155.92","2026","1791","2026-04-06 19:03:23","19532754","3155.92","Land","Commercial"
"19649069","Wadi Al Safa 3","1825.46","2026","533","2026-01-21 15:35:53","19649069","1825.46","Land","Residential"
"19848197","Al Barshaa South Second","4968.33","2026","393","2026-01-15 09:20:05","19848197","4390.38","Land","Commercial"
"19860041","Jumeirah Third","1230.04","2026","15","2026-01-02 11:14:16","19860041","1230.04","Land","Residential"
"19891829","Wadi Al Safa 3","1400.01","2026","861","2026-02-06 09:30:39","19891829","1400.01","Land","Government Housing"
"19981824","Nad Al Shiba First","1427.98","2026","818","2026-02-04 15:18:18","19981824","1427.98","Land","General Use"
"19991404","Al Hamriya","3095.44","2026","983","2026-02-11 14:56:30","19991404","3095.44","Land","Commercial"
"20000000","Jumeirah Third","594.58","2026","1424","2026-03-09 14:09:26","20000000","594.58","Land","Commercial"
"20000000","Dubai Investment Park First","3667.53","2026","1662","2026-03-30 08:36:23","20000000","3667.53","Land","Commercial"
"20000000","Mirdif","2787.09","2026","1414","2026-03-09 09:59:27","20000000","2787.09","Land","Residential"
"20000000","Al Garhoud","2936","2026","159","2026-01-07 14:01:27","20000000","2936","Land","Residential"
"20000000","Jumeirah Third","594.58","2026","1423","2026-03-09 14:07:03","20000000","594.58","Land","Residential"
"20000000","Nad Al Shiba First","3700.88","2026","1272","2026-02-25 10:04:08","20000000","3697.54","Land","Residential"
"20000000","Wadi Al Safa 2","750","2026","2137","2026-04-27 08:52:13","20000000","750","Land",""
"20000000","Al Karama","825.26","2026","1911","2026-04-13 14:10:00","20000000","825.26","Land","Commercial"
"20000000","Al Manara","1532.9","2026","1502","2026-03-15 12:34:10","20000000","1532.9","Land","Residential"
"20004794","Al Qusais Industrial Fifth","4646.27","2026","526","2026-01-21 12:04:24","20004794","4646.27","Land","Industrial"
"20022275","Al Nahda First","1550.11","2026","1442","2026-03-10 11:32:59","20022275","1550.11","Land","Commercial"
"20048754","Al Hebiah Sixth","6208.64","2026","609","2026-01-26 12:07:13","20048754","6208.64","Land","Residential"
"20112993","Al Nahda Second","1868.56","2026","970","2026-02-11 12:16:48","20112993","1868.56","Land","Commercial"
"20614946","Al Manara","2735.99","2026","1747","2026-04-02 11:51:00","20614946","2735.99","Land","Residential"
"20633718","Wadi Al Safa 5","2255.22","2026","574","2026-01-23 10:35:04","20633718","2255.22","Land","Commercial"
"20737030","Al Barshaa South Second","3853.07","2026","395","2026-01-15 09:26:03","20737030","3853.07","Land","Commercial"
"20778821","Madinat Hind 3","7721.67","2026","1970","2026-04-16 13:54:12","20778821","7721.67","Land","Residential"
"20786329","Al Wasl","378.65","2026","1708","2026-03-31 20:04:42","20786329","378.65","Unit","Flat"
"20815230","Jumeirah First","1611.5","2026","1462","2026-03-11 22:56:17","20815230","1611.5","Land","Residential"
"20893414","Al Barshaa South Second","5206.5","2026","391","2026-01-15 09:16:30","20893414","4621.58","Land","Commercial"
"21000000","Um Al Sheif","1950.96","2026","1499","2026-03-15 11:56:39","21000000","1950.96","Land","Residential"
"21156819","Palm Jumeirah","952.65","2026","396","2026-01-15 09:32:41","21156818.97","952.65","Unit","Flat"
"21433454","Al Murqabat","1327.49","2026","1797","2026-04-07 09:13:28","21433454","1327.49","Land","Commercial"
"21439751","Al Merkadh","1327.88","2026","1435","2026-03-10 10:32:00","21439751","1327.88","Land","Residential"
"21447630","Wadi Al Safa 3","1660.46","2026","1432","2026-03-10 10:23:36","21447630","1660.46","Land","Residential"
"21469137","Um Suqaim Second","1994.55","2026","693","2026-01-30 09:12:03","21469137","1994.55","Land","Residential"
"21543004","Jumeirah Third","2668.55","2026","1757","2026-04-02 15:16:46","21543004","2668.55","Land","Residential"
"21796898","Me'Aisem First","2250","2026","1174","2026-02-19 13:07:10","21796898","2250","Land","Commercial"
"21941510","Madinat Al Mataar","5824.1","2026","1749","2026-04-02 12:05:28","21941510","5824.1","Land",""
"21945547","Al Raffa","2038.66","2026","148","2026-01-07 11:10:01","21945547","2038.81","Land","Commercial"
"21956741","Dubai Investment Park First","8159.4","2026","472","2026-01-19 17:12:14","21956741","8159.4","Land","Commercial"
"22000000","AL QUSAIS","959.69","2026","2177","2026-04-28 14:54:28","22000000","959.69","Land","Residential"
"22000000","Al Thanyah Fifth","931.08","2026","1565","2026-03-23 09:35:51","22000000","931.08","Land","Commercial"
"22000000","Burj Khalifa","321.31","2026","1190","2026-02-21 10:08:18","22000000","321.31","Unit","Hotel Apartment"
"22071635","Al Hamriya","1708.77","2026","924","2026-02-10 09:33:12","22071635","1708.77","Land","Commercial"
"22136735","Madinat Al Mataar","2937.96","2026","1627","2026-03-25 13:50:50","22136735","2937.96","Land","Airport"
"22174151","Wadi Al Safa 3","2575.06","2026","270","2026-01-12 15:22:28","22174151","2575.06","Land","Residential"
"22499048","Al Satwa","1161.24","2026","303","2026-01-13 12:49:44","22499048","1161.24","Land",""
"22500000","Jumeirah First","1395.03","2026","484","2026-01-20 11:44:45","22500000","1395.03","Land","Commercial"
"22680011","Um Suqaim First","1755.87","2026","417","2026-01-15 16:13:23","22680011","1755.87","Land","Residential"
"22865968","Al Suq Al Kabeer","1062.16","2026","1440","2026-03-10 11:04:04","22865968","1067.73","Land","Commercial"
"22889997","Al Barshaa South Second","5150.37","2026","390","2026-01-15 09:10:17","22889997","5063.22","Land","Commercial"
"23000000","Jumeirah First","2770.65","2026","314","2026-01-13 14:52:04","23000000","2770.65","Land","Residential"
"23000000","Naif","562.06","2026","2095","2026-04-22 13:05:25","23000000","562.06","Land","Commercial"
"23062482","Al Hebiah Second","4120.34","2026","423","2026-01-16 08:49:02","23062482","4120.34","Land","Land"
"23062594","Al Hebiah Second","4120.36","2026","429","2026-01-16 09:01:41","23062594","4120.36","Land","Land"
"23224514","Naif","1438.42","2026","1845","2026-04-09 10:44:33","23224514","1438.42","Land","Commercial"
"23297864","Al Barshaa South Second","3668.55","2026","2102","2026-04-23 09:51:01","23297864","3668.55","Land","Commercial"
"23388028","Al Barshaa South Second","6288.37","2026","384","2026-01-15 08:46:24","23388028","6208.06","Land","Commercial"
"23449112","Al Jadaf","1270.26","2026","952","2026-02-11 09:31:23","23449112","1270.26","Land","Commercial"
"23678847","Al Satwa","1157.81","2026","601","2026-01-26 10:06:54","23678847","1157.81","Land",""
"23701284","Oud Metha","6291.21","2026","1819","2026-04-08 11:51:41","23701284","6291.21","Land","Sports Club"
"23834988","Al Khawaneej First","6326.7","2026","1917","2026-04-13 14:41:34","23834988","6326.7","Land","Residential"
"23927202","Al Nahda First","2778.64","2026","1275","2026-02-25 11:04:47","23927202","2778.64","Land",""
"23999966","Al Saffa First","3716.12","2026","398","2026-01-15 09:39:43","23999966","3716.12","Land","Residential"
"23999966","Me'Aisem First","7432.24","2026","2082","2026-04-22 12:07:52","23999966","7432.24","Land","Petrol Station"
"23999966","Nad Al Shiba Fourth","3716.12","2026","1153","2026-02-18 11:32:14","23999966","3716.12","Land","Government Housing"
"23999983","Jabal Ali First","14864.49","2026","1142","2026-02-17 11:47:50","23999983","14864.49","Land","CHURCH"
"24000000","Al Hebiah Third","1050.78","2026","1654","2026-03-26 16:20:30","24000000","1050.78","Land","Residential"
"24000000","Al Jafliya","4050.57","2026","524","2026-01-21 11:55:49","24000000","4050.57","Land",""
"24000000","Um Ramool","2460.95","2026","1375","2026-03-04 12:10:19","24000000","2460.95","Land","Industrial"
"24247599","Marsa Dubai","1062.15","2026","1818","2026-04-08 11:34:57","24247598.82","1062.15","Unit","Shop"
"24550217","Al Barshaa South Second","3801.32","2026","2110","2026-04-23 10:17:47","24550217","3801.32","Land","Commercial"
"24584941","Al Karama","2076.38","2026","655","2026-01-27 16:42:55","24584941","2076.38","Land","Commercial"
"24599031","Mankhool","1344.31","2026","2056","2026-04-21 10:28:26","24599031","1344.31","Land","Commercial"
"24672377","Ghadeer Al tair","8042.6","2026","1233","2026-02-24 09:35:16","24672377","8042.6","Land","Residential"
"24842457","Madinat Hind 3","7693.14","2026","1517","2026-03-16 11:31:02","24842457","7693.14","Land","Residential"
"24871737","Al Barshaa South Second","4359.74","2026","2106","2026-04-23 10:04:46","24871737","4359.74","Land","Commercial"
"25000000","Al Suq Al Kabeer","513.29","2026","498","2026-01-20 13:49:55","25000000","513.27","Land","Commercial"
"25000000","Um Ramool","3716.12","2026","1983","2026-04-17 08:42:05","25000000","3716.12","Land","Residential"
"25000000","Al Karama","929.03","2026","366","2026-01-14 13:07:38","25000000","929.03","Land","Commercial"
"25000000","Nadd Hessa","8368.98","2026","1984","2026-04-17 09:00:30","25000000","8368.98","Land","Commercial"
"25000000","Al Suq Al Kabeer","436.18","2026","1950","2026-04-16 10:07:03","25000000","436.18","Land","Commercial"
"25000000","Wadi Al Safa 5","1935.21","2026","1567","2026-03-23 09:43:11","25000000","1935.21","Land","Commercial"
"25032795","Al Wasl","930.25","2026","1487","2026-03-13 11:34:06","25032795","930.25","Land","Residential"
"25033064","Al Wasl","930.26","2026","723","2026-02-02 13:02:29","25033064","930.26","Land","Residential"
"25208096","Um Suqaim Second","4258.02","2026","682","2026-01-29 10:28:11","25208096","4258.02","Land","Residential"
"25209323","Jumeirah First","1040.9","2026","1352","2026-03-03 09:44:11","25209323","1040.9","Land","Land"
"25240770","Al Barshaa South Third","3607.61","2026","1095","2026-02-16 12:21:18","25240770","3607.61","Land","Commercial"
"25546394","Nadd Hessa","4746.68","2026","712","2026-02-02 09:38:03","25546394","4746.68","Land",""
"25642102","Al Bada","4331.33","2026","57","2026-01-05 12:58:30","25642102","4331.33","Land","Commercial"
"25886146","Nad Al Hamar","3006.13","2026","772","2026-02-03 10:28:55","25886146","3006.13","Land","Commercial"
"25918481","Um Al Sheif","2006.59","2026","815","2026-02-04 14:32:29","25918481","2006.59","Land",""
"25999964","Al Goze First","1858.06","2026","1388","2026-03-05 10:43:13","25999964","1858.06","Land","Commercial"
"25999964","Al Khabeesi","3716.12","2026","1669","2026-03-30 11:02:56","25999964","3716.12","Land","Commercial"
"26000000","Jumeirah First","2401.54","2026","1229","2026-02-24 09:26:20","26000000","2401.54","Land","Residential"
"26000000","Jumeirah First","2155.54","2026","489","2026-01-20 12:16:50","26000000","2155.54","Land","Residential"
"26439758","Al Barshaa South Second","5646.75","2026","388","2026-01-15 09:03:30","26439758","5646.75","Land","Commercial"
"26756634","Al Wasl","994.31","2026","1492","2026-03-13 20:40:11","26756634","994.31","Land","Residential"
"26773100","Al Jadaf","1151.53","2026","887","2026-02-09 10:25:51","26773100","1151.53","Land","Commercial"
"26868610","Al Warsan Third","12480.89","2026","492","2026-01-20 13:07:59","26868610","12480.89","Land","Agricultural"
"26927693","Jabal Ali Industrial Second","2382.54","2026","1231","2026-02-24 09:29:57","26927693","2382.54","Land","Commercial"
"26931649","Jabal Ali Industrial Second","2382.89","2026","1234","2026-02-24 09:38:02","26931649","2382.89","Land","Commercial"
"26944377","Hatta","25032.17","2026","1719","2026-04-01 08:14:26","26944377","25032.17","Land","School"
"27000000","Al Warqa First","1465.92","2026","1908","2026-04-13 13:16:18","27000000","1465.92","Land","General Use"
"27000000","Mankhool","2879.44","2026","1035","2026-02-12 22:12:12","27000000","2879.44","Land","Commercial"
"27007189","Al Rowaiyah Second","13939.18","2026","344","2026-01-14 10:21:00","27007189","13939.18","Land",""
"27097989","Al Barsha South Fourth","1573.43","2026","357","2026-01-14 11:40:48","27097989","1573.43","Land","Commercial"
"27393740","Um Suqaim Second","1272.47","2026","1133","2026-02-17 10:39:12","27393740","1272.47","Land","Government Housing"
"27482024","Al Karama","1823.69","2026","2151","2026-04-27 11:04:39","27482024","1823.69","Land","Commercial"
"27719970","Jumeirah Third","3678.96","2026","2083","2026-04-22 12:16:39","27719970","3678.96","Land","Residential"
"27738043","Mankhool","1982.27","2026","964","2026-02-11 11:58:53","27738043","1982.27","Land","Commercial"
"28000000","Palm Jumeirah","622.72","2026","2066","2026-04-21 12:53:35","28000000","622.72","Land","Commercial"
"28000000","Al Warsan First","1999.93","2026","1420","2026-03-09 13:03:31","28000000","1999.93","Land","Commercial"
"28000000","Dubai Investment Park First","13185.36","2026","1663","2026-03-30 08:39:17","28000000","13185.36","Land","Commercial"
"28046859","Wadi Al Safa 5","2554.55","2026","1941","2026-04-15 10:55:53","28046859","2554.55","Land","Commercial"
"28306791","Wadi Al Safa 3","4045.83","2026","1573","2026-03-23 12:34:50","28306791","4045.83","Land","Residential"
"28349960","Muhaisanah Fourth","2633.8","2026","607","2026-01-26 11:58:57","28349960","2633.8","Land","Commercial"
"29039926","Al Jadaf","2248.25","2026","1885","2026-04-10 10:50:45","29039926","2248.25","Land","Commercial"
"29333884","Al Rowaiyah First","34065.12","2026","1226","2026-02-24 08:58:02","29333884","34065.12","Land","Residential"
"29615558","Al Jadaf","1310.18","2026","405","2026-01-15 10:55:35","29615558","1310.18","Land","Commercial"
"29839953","Wadi Al Safa 3","1848.15","2026","1932","2026-04-14 12:50:00","29839953","1848.15","Land","Residential"
"30000000","Al Warqa First","1517.85","2026","1680","2026-03-30 16:42:37","30000000","1517.85","Land","Commercial"
"30000000","Al Karama","929.03","2026","363","2026-01-14 12:35:55","30000000","929.03","Land","Commercial"
"30000000","Nad Al Shiba First","1490.26","2026","483","2026-01-20 11:12:09","30000000","1490.26","Land","Residential / Villas"
"30000000","Jumeirah Third","1335.95","2026","1425","2026-03-09 14:16:26","30000000","1335.95","Land","Residential"
"30000000","Al Murqabat","1492.3","2026","1699","2026-03-31 10:57:26","30000000","1492.3","Land","Commercial"
"30000000","AL QUSAIS","1393.55","2026","647","2026-01-27 12:39:53","30000000","1393.55","Land","Residential"
"30000000","Al Raffa","976.04","2023","2669","2026-01-13 11:21:25","30000000","976.04","Land","Commercial"
"30000000","Al Manara","1375","2026","1450","2026-03-10 13:33:24","30000000","1374.96","Land","Residential"
"30083615","Al Qusais Industrial Fifth","2941.96","2026","1430","2026-03-10 09:04:34","30083615","2941.96","Land","Commercial"
"30109459","Al Hebiah Fourth","3108.07","2026","1358","2026-03-03 11:14:38","30109459","3108.07","Land","Residential Flats"
"30128920","Wadi Al Safa 3","2544.61","2026","1933","2026-04-14 12:58:46","30128920","2544.61","Land","Residential"
"30238970","Al Wasl","11237.18","2026","430","2026-01-16 09:07:52","30238970","11237.18","Land","School"
"30317063","Me'Aisem First","4694.25","2026","471","2026-01-19 16:42:38","30317063","4694.25","Land","Commercial"
"30354198","Wadi Al Safa 5","2820","2026","1521","2026-03-16 12:20:10","30354198","2820","Land","Commercial"
"30813451","Al Rowaiyah First","15903.7","2026","644","2026-01-27 12:27:48","30813451","15903.7","Land","Residential"
"31000000","Mirdif","5549.75","2026","619","2026-01-26 13:30:45","31000000","5549.75","Land","Residential"
"31017592","Al Barshaa South Second","4968.33","2026","2101","2026-04-23 09:41:42","31017592","4968.33","Land","Commercial"
"31188280","Al Rowaiyah First","16097.16","2026","645","2026-01-27 12:30:54","31188280","16097.16","Land","Residential"
"31330026","Madinat Hind 1","3063.85","2026","346","2026-01-14 10:41:51","31330026","3063.85","Land",""
"31500000","Al Thanyah Fifth","1303.01","2026","550","2026-01-22 12:44:37","31500000","1303.01","Land","Commercial"
"31596352","Jabal Ali Industrial Third","2348.32","2026","477","2026-01-20 09:47:58","31596352","2348.32","Land","Residential"
"31632164","Jabal Ali Industrial Second","2671.57","2026","676","2026-01-29 07:46:27","31632164","2671.57","Land","Residential"
"31682060","Palm Deira","2354.69","2026","1134","2026-02-17 10:40:48","31682060","2354.69","Land","Residential"
"31807190","Palm Deira","2363.99","2026","792","2026-02-04 07:47:16","31807190","2363.99","Land","Commercial"
"31807325","Palm Deira","2364","2026","1131","2026-02-17 09:40:33","31807325","2364","Land","Residential"
"31807325","Palm Deira","2364","2026","791","2026-02-04 07:43:07","31807325","2364","Land","Commercial"
"31807325","Palm Deira","2364","2026","795","2026-02-04 08:20:57","31807325","2364","Land","Commercial"
"31807325","Palm Deira","2364","2026","1130","2026-02-17 09:38:06","31807325","2364","Land","Residential"
"31807728","Palm Deira","2364.03","2026","1065","2026-02-16 08:34:07","31807728","2364.03","Land","Residential"
"31808132","Palm Deira","2364.06","2026","789","2026-02-04 07:35:51","31808132","2364.06","Land","Commercial"
"31809693","Dubai Investment Park First","2955.22","2026","2169","2026-04-28 11:11:50","31809693","2955.22","Land","Commercial"
"31856569","Palm Deira","2367.66","2026","630","2026-01-27 08:22:57","31856569","2367.66","Land","Commercial"
"31865014","OUD AL MUTEENA","8458.17","2026","2081","2026-04-22 10:53:54","31865014","8458.17","Land","Residential"
"31910052","Al Barshaa South Second","5646.75","2026","2107","2026-04-23 10:09:01","31910052","5646.75","Land","Commercial"
"31910184","Ras Al Khor Industrial Second","8470.16","2026","1838","2026-04-09 09:17:13","31910184","8470.16","Land","Industrial"
"31977663","Palm Deira","2376.66","2026","1118","2026-02-17 09:11:52","31977663","2376.66","Land","Residential"
"31999955","Al Wasl","3716.12","2026","1981","2026-04-17 08:39:55","31999955","3716.12","Land","Residential"
"31999955","Jumeirah First","3716.11","2026","300","2026-01-13 12:04:22","31999955","3716.12","Land","Residential"
"32000000","Al Murqabat","1327.49","2026","1697","2026-03-31 10:38:57","32000000","1327.49","Land","Commercial"
"32005111","Palm Deira","2378.7","2026","1115","2026-02-17 09:01:47","32005111","2378.7","Land","Residential"
"32049512","Palm Deira","2382","2026","1114","2026-02-17 08:58:17","32049512","2382","Land","Residential"
"32049512","Palm Deira","2382","2026","651","2026-01-27 13:51:21","32049512","2382","Land","Commercial"
"32049512","Palm Deira","2382","2026","629","2026-01-27 08:18:00","32049512","2382","Land","Commercial"
"32049647","Palm Deira","2382.01","2026","650","2026-01-27 13:47:56","32049647","2382.01","Land","Commercial"
"32063236","Palm Deira","2383.02","2026","1063","2026-02-16 08:24:29","32063236","2383.02","Land","Residential"
"32090684","Palm Deira","2385.06","2026","1124","2026-02-17 09:24:12","32090684","2385.06","Land","Residential"
"32107960","Al Wasl","994.31","2026","442","2026-01-16 15:36:45","32107960","994.31","Land","Residential"
"32154079","Al Barshaa South Second","5150.37","2026","2104","2026-04-23 10:00:28","32154079","5150.37","Land","Commercial"
"32245910","Madinat Hind 3","9985.82","2026","1515","2026-03-16 11:26:07","32245910","9985.82","Land","Residential"
"32248644","Palm Deira","2396.8","2026","1125","2026-02-17 09:25:32","32248644","2396.8","Land","Residential"
"32284703","Palm Deira","2399.48","2026","717","2026-02-02 10:17:31","32284703","2399.48","Land","Commercial"
"32287394","Palm Deira","2399.68","2026","719","2026-02-02 10:34:50","32287394","2399.68","Land","Commercial"
"32291700","Palm Deira","2400","2026","1062","2026-02-16 08:04:43","32291700","2400","Land","Residential"
"32291700","Palm Deira","2400","2026","1073","2026-02-16 09:32:59","32291700","2400","Land","Residential"
"32291700","Palm Deira","2400","2026","1079","2026-02-16 09:49:09","32291700","2400","Land","Residential"
"32291700","Palm Deira","2400","2026","797","2026-02-04 08:24:26","32291700","2400","Land","Commercial"
"32291700","Palm Deira","2400","2026","768","2026-02-03 08:44:46","32291700","2400","Land","Commercial"
"32291700","Palm Deira","2400","2026","799","2026-02-04 08:30:28","32291700","2400","Land","Commercial"
"32291700","Palm Deira","2400","2026","766","2026-02-03 08:37:59","32291700","2400","Land","Commercial"
"32291700","Palm Deira","2400","2026","705","2026-02-02 08:38:29","32291700","2400","Land","Commercial"
"32291700","Palm Deira","2400","2026","798","2026-02-04 08:28:04","32291700","2400","Land","Commercial"
"32291700","Palm Deira","2400","2026","1122","2026-02-17 09:18:48","32291700","2400","Land","Residential"
"32291700","Palm Deira","2400","2026","636","2026-01-27 08:51:16","32291700","2400","Land","Commercial"
"32291700","Palm Deira","2400","2026","759","2026-02-03 08:04:17","32291700","2400","Land","Commercial"
"32291700","Palm Deira","2400","2026","761","2026-02-03 08:10:19","32291700","2400","Land","Commercial"
"32291700","Palm Deira","2400","2026","635","2026-01-27 08:43:47","32291700","2400","Land","Commercial"
"32291700","Palm Deira","2400","2026","765","2026-02-03 08:34:30","32291700","2400","Land","Commercial"
"32291700","Palm Deira","2400","2026","714","2026-02-02 10:07:58","32291700","2400","Land","Commercial"
"32291700","Palm Deira","2400","2026","715","2026-02-02 10:14:49","32291700","2400","Land","Commercial"
"32291700","Palm Deira","2400","2026","633","2026-01-27 08:33:26","32291700","2400","Land","Commercial"
"32291700","Palm Deira","2400","2026","767","2026-02-03 08:40:44","32291700","2400","Land","Commercial"
"32291700","Palm Deira","2400","2026","763","2026-02-03 08:25:13","32291700","2400","Land","Commercial"
"32291700","Palm Deira","2400","2026","634","2026-01-27 08:39:12","32291700","2400","Land","Commercial"
"32291700","Palm Deira","2400","2026","1121","2026-02-17 09:16:17","32291700","2400","Land","Residential"
"32291700","Palm Deira","2400","2026","638","2026-01-27 09:02:35","32291700","2400","Land","Commercial"
"32291700","Palm Deira","2400","2026","762","2026-02-03 08:12:54","32291700","2400","Land","Commercial"
"32291700","Palm Deira","2400","2026","764","2026-02-03 08:30:20","32291700","2400","Land","Commercial"
"32292104","Palm Deira","2400.03","2026","1066","2026-02-16 08:44:29","32292104","2400.03","Land","Residential"
"32330854","Palm Deira","2402.91","2026","1100","2026-02-16 13:47:39","32330854","2402.91","Land","Residential"
"32399942","Al Mamzer","2508.38","2026","967","2026-02-11 12:12:45","32399942","2508.38","Land","Commercial"
"32500025","Al Nahda First","2322.58","2026","973","2026-02-11 12:21:57","32500025","2322.58","Land","Commercial"
"32504502","Al Barshaa South Second","5206.5","2026","2103","2026-04-23 09:55:33","32504502","5206.5","Land","Commercial"
"32549092","Palm Deira","2419.13","2026","713","2026-02-02 09:56:57","32549092","2419.13","Land","Commercial"
"32559048","Palm Deira","2419.87","2026","1069","2026-02-16 09:11:15","32559048","2419.87","Land","Residential"
"32654578","Palm Deira","2426.97","2026","706","2026-02-02 08:52:36","32654578","2426.97","Land","Commercial"
"32735162","Jabal Ali Industrial Second","2413.65","2026","677","2026-01-29 08:05:45","32735162","2413.65","Land","Commercial"
"32779574","Palm Deira","2436.26","2026","1116","2026-02-17 09:05:00","32779574","2436.26","Land","Residential"
"32782668","Palm Deira","2436.49","2026","709","2026-02-02 09:07:14","32782668","2436.49","Land","Commercial"
"32789665","Palm Deira","2437.01","2026","1089","2026-02-16 11:41:18","32789665","2437.01","Land","Residential"
"32792760","Palm Deira","2437.24","2026","631","2026-01-27 08:26:34","32792760","2437.24","Land","Commercial"
"32795720","Palm Deira","2437.46","2026","1091","2026-02-16 11:54:49","32795720","2437.46","Land","Residential"
"32797334","Palm Deira","2437.58","2026","708","2026-02-02 09:03:42","32797334","2437.58","Land","Commercial"
"32808367","Palm Deira","2438.4","2026","632","2026-01-27 08:29:55","32808367","2438.4","Land","Commercial"
"32812404","Palm Deira","2438.7","2026","769","2026-02-03 08:53:05","32812404","2438.7","Land","Commercial"
"32812404","Palm Deira","2438.7","2026","1101","2026-02-16 13:52:48","32812404","2438.7","Land","Residential"
"32812404","Palm Deira","2438.7","2026","770","2026-02-03 08:57:28","32812404","2438.7","Land","Commercial"
"32936328","Jabal Ali Industrial Third","2353.76","2026","479","2026-01-20 09:53:46","32936328","2353.76","Land","Residential"
"32964578","Palm Deira","2450.01","2026","707","2026-02-02 09:01:13","32964578","2450.01","Land","Commercial"
"32993205","Palm Deira","2554.31","2026","306","2026-01-13 13:39:23","32993205","2554.31","Land","Commercial"
"33000000","Al Suq Al Kabeer","602.48","2026","1010","2026-02-12 11:50:47","33000000","602.57","Land","Commercial"
"33060000","Al Nahda First","3839.22","2026","1832","2026-04-09 08:20:12","33060000","3839.22","Land","Commercial"
"33098347","Al Jadaf","1708.3","2026","2043","2026-04-20 14:16:26","33098347","1708.3","Land","Commercial"
"33364350","Me'Aisem First","4132.87","2026","1550","2026-03-18 11:27:13","33364350","4132.87","Land","Residential Flats"
"33590133","Al Goze First","5673.87","2026","1692","2026-03-31 09:54:11","33590133","5673.87","Land","School"
"33591312","Al Khawaneej Second","10402.46","2026","1156","2026-02-18 12:41:10","33591312","10402.46","Land","Commercial"
"33688768","Al Jadaf","1304.08","2026","826","2026-02-05 10:25:35","33688768","1304.08","Land","Commercial"
"33850985","Palm Deira","2515.89","2026","1136","2026-02-17 10:44:57","33850985","2515.89","Land","Residential"
"33970707","Me'Aisem First","5009.5","2026","1429","2026-03-10 08:29:09","33970707","5009.5","Land","Commercial"
"34173270","Wadi Al Safa 2","3618.01","2026","400","2026-01-15 09:45:36","34173270","3618.01","Land","Residential"
"34349973","Um Suqaim Second","2127.48","2026","1400","2026-03-05 14:06:15","34349973","2127.48","Land","Residential"
"34719907","Al Hebiah Second","2687.99","2026","1592","2026-03-24 07:56:30","34719907","2687.99","Land","Villa"
"34720036","Al Hebiah Second","2688","2026","1591","2026-03-24 07:54:18","34720036","2688","Land","Villa"
"34720036","Al Hebiah Second","2688","2026","1580","2026-03-24 07:27:48","34720036","2688","Land","Villa"
"34720036","Al Hebiah Second","2688","2026","1582","2026-03-24 07:34:42","34720036","2688","Land","Villa"
"34984505","Wadi Al Safa 3","2166.78","2026","917","2026-02-10 08:22:23","34984505","2166.78","Land","Residential"
"34998519","Al Satwa","1161.24","2026","146","2026-01-07 10:39:21","34998519","1161.24","Land",""
"35000000","Jumeirah First","2953.39","2026","1985","2026-04-17 09:11:02","35000000","2953.39","Land","Residential"
"35000000","Jumeirah Third","3733.31","2026","157","2026-01-07 13:30:09","35000000","3733.31","Land","Residential"
"35000000","Um Suqaim Third","2768.51","2026","369","2026-01-14 13:39:20","35000000","2768.51","Land","Residential"
"35000000","Al Thanayah Fourth","1718.98","2026","2025","2026-04-20 10:24:18","35000000","1718.98","Land","Commercial"
"35000000","Wadi Al Safa 2","2249.99","2026","1203","2026-02-23 11:31:10","35000000","2249.99","Land",""
"35018088","Al Barsha First","2168.86","2026","1861","2026-04-09 13:41:30","35018088","2168.86","Land","Commercial"
"35520709","Saih Shuaib 2","4399.98","2026","652","2026-01-27 14:04:13","35520709","4399.98","Land","Industrial"
"35535878","Al Barshaa South Second","6288.37","2026","2108","2026-04-23 10:10:23","35535878","6288.37","Land","Commercial"
"35828045","Al Khawaneej First","14793.5","2026","1760","2026-04-03 08:28:59","35828045","14793.5","Land","Residential"
"36000000","Business Bay","878.21","2026","2149","2026-04-27 10:49:56","36000000","878.21","Unit","Flat"
"36152985","AL TWAR FIFTH","5167.27","2026","2168","2026-04-28 10:22:34","36152985","5167.27","Land","Commercial"
"36212181","Palm Deira","2691.38","2026","710","2026-02-02 09:09:41","36212181","2691.38","Land","Commercial"
"36360209","Saih Shuaib 2","28149.81","2026","938","2026-02-10 13:13:29","36360209","28149.81","Land","Industrial"
"36722802","Jabal Ali Industrial Second","2891.24","2026","467","2026-01-19 13:29:16","36722802","2891.24","Land","Commercial"
"36982199","Madinat Hind 3","11452.54","2026","1513","2026-03-16 11:21:46","36982199","11452.54","Land","Residential"
"36991552","Al Hebiah Second","3124.21","2026","1599","2026-03-24 10:58:47","36991552","3124.21","Land","Land"
"37000000","Mirdif","4647.1","2026","268","2026-01-12 15:05:38","37000000","4647.1","Land","Residential"
"37214505","Al Hebiah Second","2881.12","2026","1589","2026-03-24 07:49:36","37214505","2881.12","Land","Villa"
"37225743","Al Hebiah Second","2881.99","2026","1590","2026-03-24 07:51:54","37225743","2881.99","Land","Villa"
"37357864","Palm Deira","2776.53","2026","1071","2026-02-16 09:24:28","37357864","2776.53","Land","Residential"
"37458157","Al Wasl","994.28","2026","1403","2026-03-05 15:50:13","37458157","994.28","Land","Residential"
"37798404","Wadi Al Safa 3","2341.06","2026","916","2026-02-10 08:19:24","37798404","2341.06","Land","Residential"
"38000000","Al Ras","431.91","2026","370","2026-01-14 14:01:17","38000000","432.3","Land","Commercial"
"38000000","Um Hurair First","1000.38","2026","541","2026-01-22 09:45:05","38000000","1000.38","Land","Commercial"
"38236739","Al Goze Industrial First","6766.31","2026","1053","2026-02-13 11:15:37","38236739","6766.31","Land","Industrial"
"38429679","Palm Deira","2856.19","2026","790","2026-02-04 07:39:15","38429679","2856.19","Land","Commercial"
"38517764","Wadi Al Safa 4","7695.53","2026","1159","2026-02-18 12:49:30","38517764","7695.53","Land","Residential"
"38750040","Nad Al Hamar","3000","2026","2084","2026-04-22 12:19:35","38750040","3000","Land","Commercial"
"38750040","Palm Deira","2400","2026","801","2026-02-04 08:38:01","38750040","2400","Land","Commercial"
"38750040","Palm Deira","2400","2026","1137","2026-02-17 10:49:11","38750040","2400","Land","Residential"
"38750040","Palm Deira","2400","2026","1139","2026-02-17 11:17:02","38750040","2400","Land","Residential"
"38750040","Palm Deira","2400","2026","800","2026-02-04 08:33:18","38750040","2400","Land","Commercial"
"39000000","Bukadra","6967.73","2026","2036","2026-04-20 12:09:04","39000000","6967.73","Land","Industrial"
"39036015","Jabal Ali Industrial Second","3022.14","2026","468","2026-01-19 13:33:17","39036015","3022.14","Land","Residential"
"39163890","Al Hebiah Second","3032.04","2026","1594","2026-03-24 08:22:32","39163890","3032.04","Land","Land"
"39174945","Palm Deira","2911.58","2026","794","2026-02-04 07:55:14","39174945","2911.58","Land","Commercial"
"39205461","Jabal Ali First","3642.33","2026","512","2026-01-21 10:32:28","39205461","3642.31","Land","Commercial"
"39365369","Al Barsha First","18285.83","2026","1261","2026-02-24 13:46:43","39365369","18285.83","Land","Industrial"
"39461491","Al Hebiah Second","3055.08","2026","1595","2026-03-24 08:42:54","39461491","3055.08","Land","Land"
"39484848","Nadd Hessa","2620.19","2026","1812","2026-04-08 10:19:46","39484848","2620.19","Land","Commercial"
"39625468","Al Goze Industrial Second","7362.66","2026","1417","2026-03-09 11:24:34","39625468","7362.66","Land","Industrial"
"39759091","Al Hebiah Second","3078.12","2026","1596","2026-03-24 08:59:50","39759091","3078.12","Land","Villa"
"39999944","Al Saffa First","7432.24","2026","1918","2026-04-13 14:45:26","39999944","7432.24","Land","Residential"
"39999944","Al Manara","3716.12","2026","12","2026-01-02 10:37:07","39999944","3716.12","Land","Residential"
"40000000","Al Warqa First","1858.05","2026","1620","2026-03-25 10:02:08","40000000","1858.05","Land","Residential Flats"
"40000000","Al Rega","542.37","2026","258","2026-01-12 12:36:43","40000000","542.37","Land","Commercial"
"40000000","Al Murqabat","1257.91","2026","31","2026-01-03 13:54:09","40000000","1260.82","Land","Commercial"
"40000000","Al Suq Al Kabeer","522.58","2026","1913","2026-04-13 14:23:56","40000000","522.58","Land",""
"40000000","Al Bada","5159.65","2026","1407","2026-03-06 13:24:12","40000000","5159.65","Land","Commercial"
"40000000","Al Buteen","596.9","2026","50","2026-01-05 12:01:32","40000000","596.9","Land","Commercial"
"40000000","Al Hudaiba","4153.23","2026","1283","2026-02-25 13:14:10","40000000","4153.23","Land",""
"40056691","Al Hebiah Second","3101.16","2026","1598","2026-03-24 10:55:31","40056691","3101.16","Land","Land"
"40325014","Al Karama","3746.32","2026","2069","2026-04-21 14:54:20","40325014","3746.32","Land","Commercial"
"40387364","Nad Al Hamar","3001.69","2026","1673","2026-03-30 13:41:24","40387364","3001.69","Land","Commercial"
"40474955","AL QUSAIS","18801.25","2026","1167","2026-02-19 11:04:08","40474955","18801.25","Land","Commercial"
"40687154","Al Jadaf","2099.98","2026","1677","2026-03-30 14:06:47","40687154","2099.98","Land","Commercial"
"40687154","Al Jadaf","2099.98","2026","1752","2026-04-02 13:34:14","40687154","2099.98","Land","Commercial"
"40949901","Mankhool","2717.41","2026","1204","2026-02-23 11:31:48","40949901","2717.41","Land",""
"41046133","Al Nahda Second","8028","2026","250","2026-01-12 11:00:28","41046133","8028.03","Land","Commercial"
"41441015","Al Aweer First","11000.68","2026","732","2026-02-02 13:08:09","41441015","11000","Land",""
"41477881","Al Barsha First","2568.95","2026","907","2026-02-09 13:48:37","41477881","2568.95","Land","Commercial"
"41690135","Al Khawaneej First","4841.43","2026","614","2026-01-26 12:22:03","41690135","4841.43","Land",""
"41722087","Palm Deira","3100.89","2026","757","2026-02-03 07:55:44","41722087","3100.89","Land","Commercial"
"41749336","Naif","2770.46","2026","2073","2026-04-22 09:49:05","41749336","2770.46","Land","Residential"
"41787221","Wadi Al Safa 4","2918.92","2026","255","2026-01-12 11:48:36","41787221","2918.92","Land","Residential"
"42038449","Madinat Hind 1","3063.14","2026","355","2026-01-14 11:32:06","42038449","3063.14","Land",""
"42051535","Al Barshaa South Third","5140.42","2026","738","2026-02-02 13:49:21","42051535","5140.42","Land","Residential"
"42442434","Mankhool","2628.69","2026","1579","2026-03-23 16:47:20","42442434","2628.69","Land",""
"42526748","Nad Al Shiba First","3292.39","2026","1571","2026-03-23 11:56:29","42526748","3292.39","Land","Commercial"
"42573302","Al Manara","3595.63","2026","1927","2026-04-14 11:17:58","42573302","3595.63","Land","Residential"
"42641292","Al Twar First","6094.63","2026","407","2026-01-15 11:18:06","42641292","6094.63","Land","General Use"
"42641292","Al Twar First","6094.63","2026","1008","2026-02-12 11:15:17","42641292","6094.63","Land","General Use"
"42699961","Al Raffa","3966.96","2026","1308","2026-02-26 12:55:19","42699961","3966.96","Land","Commercial"
"42817443","Al Warsan Third","24108.33","2026","404","2026-01-15 10:48:09","42817443","24108.33","Land","Warehouse"
"43301598","Al Barsha South Fourth","1828.57","2026","360","2026-01-14 12:01:48","43301598","1828.57","Land","Commercial"
"43389117","Me'Aisem First","5598.59","2026","1796","2026-04-07 08:57:38","43389117","5598.59","Land","Commercial"
"43708296","Palm Deira","3248.51","2026","758","2026-02-03 08:00:58","43708296","3248.51","Land","Commercial"
"43831333","Al Nahda First","5817.24","2026","1169","2026-02-19 12:00:29","43831333","5817.24","Land",""
"43952633","Nadd Hessa","2958.94","2026","1814","2026-04-08 10:27:55","43952633","2958.94","Land","Commercial"
"44485988","Palm Deira","3306.31","2026","760","2026-02-03 08:07:45","44485988","3306.31","Land","Commercial"
"44495035","Hadaeq Sheikh Mohammed Bin Rashid","10334.32","2026","1815","2026-04-08 11:06:13","44495035","10334.32","Land","Commercial"
"44718999","Al Rowaiyah First","5539.38","2026","986","2026-02-12 08:07:56","44718999","5539.38","Land","Residential"
"44868962","Wadi Al Safa 4","2925.24","2026","254","2026-01-12 11:43:38","44868962","2925.24","Land","Residential"
"44999991","Al Wasl","2090.32","2026","98","2026-01-06 13:00:26","44999991","2090.32","Land","Commercial"
"45000000","Al Thanayah Fourth","1619.12","2026","1020","2026-02-12 13:09:47","45000000","1619.12","Land","Commercial"
"45000000","Al Goze First","3716.12","2026","1199","2026-02-23 09:58:29","45000000","3716.12","Land","Commercial"
"45000000","Palm Jumeirah","1365.63","2026","627","2026-01-26 23:21:30","45000000","1365.63","Land","Commercial"
"45236194","Dubai Investment Park First","10506.46","2026","1309","2026-02-26 12:57:05","45236194","10506.46","Land","Commercial"
"45330895","Al Rowaiyah Second","21056.91","2026","845","2026-02-05 14:29:47","45330895","21056.91","Land","School"
"45599895","Jumeirah First","2229.67","2026","1320","2026-02-27 09:20:02","45599895","2229.67","Land","Residential"
"46234244","Madinat Hind 1","5924.56","2026","345","2026-01-14 10:34:20","46234244","5924.56","Land",""
"46500048","Nad Al Hamar","2880","2026","974","2026-02-11 12:22:18","46500048","2880","Land","Commercial"
"46721892","Um Suqaim First","2893.74","2026","1601","2026-03-24 11:11:43","46721892","2893.74","Land","Residential"
"46980096","Madinat Hind 1","5195.95","2026","349","2026-01-14 10:59:25","46980096","5195.95","Land",""
"46998374","Al Hebiah Second","14554.32","2026","1250","2026-02-24 12:20:11","46998374","14554.32","Land","Land"
"47000000","Um Hurair Second","2125.16","2026","319","2026-01-13 15:04:52","47000000","2125.16","Land","Commercial"
"47377521","Mirdif","4401.52","2026","1909","2026-04-13 13:57:14","47377521","4401.52","Land",""
"48121058","World Islands","40641.79","2026","1076","2026-02-16 09:40:11","48121058","40641.79","Land","Commercial"
"48383408","Nadd Hessa","2644.1","2026","1813","2026-04-08 10:22:08","48383408","2644.1","Land","Commercial"
"48436517","Wadi Al Amardi","37499.2","2026","807","2026-02-04 10:26:40","48436517","37499.2","Land","Commercial"
"48573364","Nadd Hessa","2694.1","2026","1811","2026-04-08 10:17:15","48573364","2694.1","Land","Commercial"
"48587303","Palm Deira","3611.13","2026","1129","2026-02-17 09:34:56","48587303","3611.13","Land","Residential"
"48999931","Al Goze Fourth","6503.21","2026","2147","2026-04-27 10:43:17","48999931","6503.21","Land","Commercial"
"49057877","Al Warsan Third","26809.59","2026","521","2026-01-21 11:42:04","49057877","26809.59","Land","Residential / Villas"
"49137548","Al Barshaa South Third","5706.29","2026","737","2026-02-02 13:43:53","49137548","5706.29","Land","Residential"
"49177756","Al Mamzer","16613.7","2026","1143","2026-02-17 12:33:32","49177756","16613.7","Land","Sports Club"
"49184377","Wadi Al Safa 4","7771.06","2026","1160","2026-02-18 12:53:51","49184377","7771.06","Land","Residential"
"49189805","Al Rowaiyah Second","25388.26","2026","834","2026-02-05 11:19:31","49189805","25388.26","Land",""
"49483510","Mankhool","6567.39","2026","1144","2026-02-17 13:49:51","49483510","6567.39","Land","Residential Flats"
"49967638","Palm Deira","3713.72","2026","1084","2026-02-16 10:15:08","49967638","3713.72","Land","Residential"
"50000000","AL QUSAIS","1687.12","2026","1971","2026-04-16 13:55:05","50000000","1687.12","Land","Commercial"
"50000000","Al Nahda Second","1393.55","2026","1668","2026-03-30 10:02:41","50000000","1393.55","Land","Commercial"
"50041640","Palm Deira","3719.22","2026","1126","2026-02-17 09:28:30","50041640","3719.22","Land","Residential"
"51151942","Wadi Al Safa 2","4416.52","2026","506","2026-01-21 08:27:43","51151942","4416.52","Land","Residential"
"51479805","Al Karama","3678.95","2026","1044","2026-02-13 09:12:13","51479805","3678.95","Land",""
"51999927","Port Saeed","3716.12","2026","1037","2026-02-13 08:01:32","51999927","3716.12","Land","Residential"
"52000000","Al Barsha First","1096.26","2026","1255","2026-02-24 13:00:34","52000000","1096.26","Land","Commercial"
"52000000","Al Saffa Second","4130","2026","1869","2026-04-09 15:11:23","52000000","4130","Land","Residential"
"52359743","Bukadra","1737.28","2026","2048","2026-04-21 07:53:10","52359743","1737.28","Land","Sports Club"
"52415995","Al Garhoud","4869.61","2026","169","2026-01-08 10:37:20","52415995","4869.61","Land","Industrial"
"52691565","World Islands","46621.06","2026","1042","2026-02-13 08:58:44","52691565","46621.06","Land","Commercial"
"53305966","Al Jadaf","2706.17","2026","1675","2026-03-30 14:02:45","53305966","2706.17","Land","Commercial"
"53729934","Al Goze Industrial Third","16638.93","2026","1956","2026-04-16 10:32:33","53729934","16638.93","Land","Industrial"
"53732829","Wadi Al Safa 2","3839.96","2026","416","2026-01-15 15:29:47","53732829","3839.96","Land","Residential"
"54000000","Al Barsha South Fourth","2169.67","2026","642","2026-01-27 11:57:53","54000000","2169.67","Land","Residential"
"54119953","Um Suqaim First","9141.66","2026","690","2026-01-29 16:29:23","54119953","9141.66","Land","Residential"
"54210014","Marsa Dubai","2518.14","2026","84","2026-01-06 08:48:26","54210014","2518.14","Land","Residential Flats"
"54240256","World Islands","43818.17","2026","1045","2026-02-13 09:51:23","54240256","43818.17","Land","Commercial"
"54516188","World Islands","46042.95","2026","1048","2026-02-13 10:09:53","54516188","46042.95","Land","Commercial"
"54907192","Palm Deira","4080.84","2026","1127","2026-02-17 09:30:42","54907192","4080.84","Land","Residential"
"55000000","Me'Aisem First","1845.13","2026","1942","2026-04-15 11:12:46","55000000","1845.13","Land","Commercial"
"55000000","Saih Shuaib 2","4253.01","2026","1056","2026-02-13 11:50:34","55000000","4253.01","Land","Industrial"
"55000000","Al Murqabat","1212.66","2026","2064","2026-04-21 12:30:07","55000000","1212.66","Land","Commercial"
"55000000","Um Suqaim First","5908.63","2026","1476","2026-03-12 15:28:31","55000000","5908.63","Land","Residential"
"55349879","World Islands","51421.77","2026","1080","2026-02-16 09:50:40","55349879","51421.77","Land","Commercial"
"55908109","World Islands","47218.53","2026","1081","2026-02-16 09:53:37","55908109","47218.53","Land","Commercial"
"56018246","Al Hebiah Second","9293.34","2026","381","2026-01-15 08:23:35","56018246","9293.34","Land","Land"
"56495607","Al Rowaiyah First","8397.79","2026","1004","2026-02-12 10:12:55","56495607","8397.79","Land","Residential"
"56557936","Bukadra","2594.77","2026","1648","2026-03-26 12:58:17","56557936","2594.77","Land","Sports Club"
"56795947","Wadi Al Safa 3","10346.1","2026","741","2026-02-02 14:21:07","56795947","10346.12","Land","Government Housing"
"57066428","Al Warsan Third","29453.61","2026","517","2026-01-21 11:29:40","57066428","29453.61","Land","Agricultural"
"57100347","Saih Shuaib 1","53048.01","2026","1374","2026-03-04 11:32:54","57100347","53048.01","Land","Land"
"57683203","World Islands","51037.62","2026","1077","2026-02-16 09:44:08","57683203","51037.62","Land","Commercial"
"58135689","Palm Deira","4320.79","2026","1096","2026-02-16 12:27:12","58135689","4320.79","Land","Residential"
"58199977","Al Saffa First","7209.28","2026","1839","2026-04-09 09:43:11","58199977","7209.28","Land","Residential"
"58262918","World Islands","49207.34","2026","1074","2026-02-16 09:33:13","58262918","49207.34","Land","Commercial"
"58606120","Jabal Ali Industrial Second","3202.76","2026","1235","2026-02-24 09:43:36","58606120","3202.76","Land","Commercial"
"58949951","Al Barsha First","3651.09","2026","1461","2026-03-11 14:58:51","58949951","3651.09","Land","Exhbition Center"
"59313174","Al Hebiah Second","2687.99","2026","1587","2026-03-24 07:46:54","59313174","2687.99","Land","Villa"
"59313174","Al Hebiah Second","2687.99","2026","1584","2026-03-24 07:37:40","59313174","2687.99","Land","Villa"
"59313395","Al Hebiah Second","2688","2026","1586","2026-03-24 07:44:18","59313395","2688","Land","Villa"
"59313395","Al Hebiah Second","2688","2026","1585","2026-03-24 07:41:19","59313395","2688","Land","Villa"
"59994104","Al Barshaa South Third","5573.64","2026","1622","2026-03-25 10:19:21","59994104","5573.64","Land","Residential"
"59999270","Al Wasl","1858.04","2026","812","2026-02-04 12:37:17","59999270","1858.04","Land","Commercial"
"59999916","Al Barsha First","4645.15","2026","187","2026-01-08 15:27:24","59999916","4645.15","Land","General Authority"
"59999916","Al Garhoud","7432.24","2026","546","2026-01-22 10:44:20","59999916","7432.24","Land","Commercial"
"59999916","Al Goze First","1858.06","2026","1458","2026-03-11 12:17:39","59999916","1858.06","Land","Commercial"
"59999916","Al Raffa","4645.15","2026","1619","2026-03-25 09:58:59","59999916","4645.15","Land","Commercial"
"60000000","Al Barsha South Fourth","2628.52","2026","269","2026-01-12 15:15:44","60000000","2628.52","Land","Residential"
"60000000","Al Qusais Industrial Fourth","1337.99","2026","1032","2026-02-12 21:32:41","60000000","1337.99","Land","Commercial"
"60130988","Al Rowaiyah First","18621.19","2026","1404","2026-03-06 08:21:15","60130988","18621.19","Land","Residential"
"60610041","Palm Deira","4504.69","2026","793","2026-02-04 07:49:47","60610041","4504.69","Land","Commercial"
"60967879","World Islands","51491.88","2026","1078","2026-02-16 09:47:51","60967879","51491.88","Land","Commercial"
"61160399","Jabal Ali Industrial Second","2525.33","2026","1236","2026-02-24 09:51:48","61160399","2525.33","Land","Commercial"
"61544519","World Islands","54454.08","2026","1049","2026-02-13 10:14:17","61544519","54454.08","Land","Commercial"
"61562915","Palm Deira","4575.51","2026","1099","2026-02-16 13:40:35","61562915","4575.51","Land","Residential"
"61572457","Al Jadaf","3177.93","2026","150","2026-01-07 11:15:24","61572457","3177.93","Land","Commercial"
"61863535","Jabal Ali Industrial First","19157.72","2026","1794","2026-04-07 08:35:09","61863535","19157.72","Land","Industrial"
"61879874","Al Barsha First","4106.31","2026","233","2026-01-09 17:27:24","61879874","4106.31","Land","Commercial"
"62005984","Palm Deira","4608.44","2026","1128","2026-02-17 09:32:44","62005984","4608.44","Land","Residential"
"62050224","Al Khairan First","28823.3","2026","1472","2026-03-12 11:29:32","62050224","28823.3","Land","Residential"
"62333149","Wadi Al Safa 3","17032.19","2026","893","2026-02-09 11:54:39","62333149","17032.19","Land","School"
"62786555","Al Barshaa South Third","8771.53","2026","608","2026-01-26 12:04:07","62786555","8771.53","Land","Residential"
"63085866","Saih Aldahal","97681.24","2026","1762","2026-04-03 12:14:57","63085866","97681.24","Land","Government Housing"
"63254274","Al Hebiah Second","4897.1","2026","1593","2026-03-24 08:04:29","63254274","4897.1","Land","Land"
"63575000","Al Hebiah Second","2881.13","2026","1588","2026-03-24 07:49:34","63575000","2881.13","Land","Villa"
"63593977","Al Hebiah Second","2881.99","2026","1583","2026-03-24 07:34:54","63593977","2881.99","Land","Villa"
"63973571","Al Rowaiyah First","7924.46","2026","1003","2026-02-12 10:06:39","63973571","7924.46","Land","Residential"
"63979190","Wadi Al Safa 2","19812.89","2026","912","2026-02-10 07:45:03","63979190","19812.89","Land","Residential"
"63999921","Al Rowaiyah Third","59457.93","2026","1966","2026-04-16 12:05:52","63999921","59457.93","Land",""
"64100370","Palm Deira","4764.1","2026","787","2026-02-04 07:23:58","64100370","4764.1","Land","Commercial"
"64300482","Jabal Ali First","4266.94","2026","1703","2026-03-31 19:24:09","64300482","4266.94","Land","Commercial"
"64301235","Jabal Ali First","4266.94","2026","1270","2026-02-25 09:55:22","64301235","4266.99","Land","Commercial"
"64354958","Saih Shuaib 2","34164.44","2026","915","2026-02-10 08:13:37","64354958","34164.44","Land","Industrial"
"64753981","Al Rowaiyah First","8021.13","2026","1001","2026-02-12 09:40:29","64753981","8021.13","Land","Residential"
"64791468","World Islands","32536.92","2026","1023","2026-02-12 13:17:58","64791468","32536.92","Land","Commercial"
"65000000","Al Barsha First","1355.64","2026","538","2026-01-21 18:04:29","65000000","1355.64","Land","Residential"
"65000000","Port Saeed","1970.29","2026","1090","2026-02-16 11:43:29","65000000","1970.29","Land","Commercial"
"65000000","Jumeirah Second","6017.7","2026","220","2026-01-09 09:54:14","65000000","6017.7","Land","Residential"
"65000000","Nad Al Shiba First","1858.05","2026","496","2026-01-20 13:28:57","65000000","1858.05","Land","Sports Club"
"65166184","Al Goze Industrial First","24216.57","2026","1369","2026-03-04 10:36:30","65166184","24216.57","Land","Industrial"
"65262139","Madinat Hind 1","28871.7","2026","351","2026-01-14 11:14:46","65262139","28871.7","Land",""
"65761563","Ras Al Khor Industrial First","2221.62","2026","2047","2026-04-21 07:40:31","65761563","2221.62","Land","Commercial"
"65890487","World Islands","81619.1","2026","1050","2026-02-13 10:18:25","65890487","81619.1","Land","Commercial"
"66402973","Palm Jabal Ali","2937.64","2026","14","2026-01-02 11:13:20","66402973","2937.64","Land","Commercial"
"66490782","Wadi Al Safa 4","3050.47","2026","1778","2026-04-06 11:43:25","66490782","3050.47","Land","Residential"
"66526230","World Islands","61804.95","2026","1072","2026-02-16 09:26:56","66526230","61804.95","Land","Commercial"
"66818761","Wadi Al Safa 3","10346.1","2026","802","2026-02-04 08:42:19","66818761","10346.12","Land","Government Housing"
"67116333","Muhaisanah Second","47963.98","2026","342","2026-01-14 10:14:27","67116333","47963.98","Land","School"
"67869090","Wadi Al Safa 4","14011.63","2026","1157","2026-02-18 12:43:26","67869090","14011.63","Land","Residential"
"67870271","World Islands","45038.29","2026","1014","2026-02-12 12:30:12","67870271","45038.29","Land","Commercial"
"68000000","Al Barsha First","8709.66","2026","241","2026-01-12 08:06:12","68000000","8709.66","Land","Commercial"
"69173665","Palm Deira","5141.16","2026","788","2026-02-04 07:32:00","69173665","5141.16","Land","Commercial"
"69223556","Nad Al Shiba First","4287.39","2026","1379","2026-03-04 12:58:06","69223556","4287.39","Land","Commercial"
"69817615","Palm Deira","5189.02","2026","704","2026-02-02 08:30:15","69817615","5189.02","Land","Commercial"
"69876849","Nad Al Hamar","43278.52","2026","507","2026-01-21 08:45:48","69876849","43278.52","Land",""
"70000000","Jumeirah Second","3716.12","2026","356","2026-01-14 11:37:43","70000000","3716.12","Land","Residential"
"70000000","Al Jadaf","1439.9","2026","1294","2026-02-26 10:08:11","70000000","1439.9","Land","Commercial"
"71897328","World Islands","47710.62","2026","1024","2026-02-12 13:21:34","71897328","47710.62","Land","Commercial"
"72000000","Mankhool","1404.69","2026","1034","2026-02-12 22:02:40","72000000","1404.69","Land","Commercial"
"72007100","Al Hebiah Second","22298.95","2026","380","2026-01-15 08:20:32","72007100","22298.95","Land","Land"
"72294658","Nad Al Hamar","3088","2026","1701","2026-03-31 12:53:47","72294658","3088","Land","Commercial"
"73075148","Mankhool","4526.14","2026","859","2026-02-06 09:03:38","73075148","4525.94","Land","Commercial"
"73651943","Nad Al Shiba First","8553.12","2026","510","2026-01-21 10:07:28","73651943","8553.12","Land","Sports Club"
"73712918","World Islands","52678.16","2026","1013","2026-02-12 12:18:42","73712918","52678.16","Land","Commercial"
"73731542","Wadi Al Safa 3","7610.99","2026","982","2026-02-11 14:31:10","73731542","7610.99","Land","Residential"
"74509384","Al Merkadh","4614.77","2026","1511","2026-03-16 11:01:46","74509384","4614.77","Land",""
"74532021","Um Suqaim First","8393.05","2026","1148","2026-02-17 15:25:01","74532021","8393.04","Land","Residential"
"74682392","Bukadra","17345.57","2026","1262","2026-02-24 14:21:15","74682392","17345.57","Land","Sports Club"
"75000000","Al Wasl","1858.04","2026","545","2026-01-22 10:29:55","75000000","1858.04","Land","Commercial"
"75000000","Al Nahda Second","2707.57","2026","876","2026-02-07 11:23:49","75000000","2707.57","Land","Commercial"
"75000000","Al Garhoud","2989.16","2026","267","2026-01-12 14:57:57","75000000","2989.16","Land","Commercial"
"75446728","World Islands","50065.98","2026","990","2026-02-12 09:11:57","75446728","50065.98","Land","Commercial"
"75607412","Nad Al Shiba First","13508.01","2026","335","2026-01-14 08:44:15","75607412","13508.01","Land","Sports Club"
"75649464","World Islands","70280.72","2026","1041","2026-02-13 08:49:53","75649464","70280.72","Land","Commercial"
"75898950","Hor Al Anz East","7051.25","2026","1140","2026-02-17 11:30:04","75898950","7051.25","Land","Commercial"
"76212362","Um Suqaim Second","10114.81","2026","2124","2026-04-26 18:20:29","76212362","10114.81","Land","Commercial"
"76287419","World Islands","70873.4","2026","1040","2026-02-13 08:38:54","76287419","70873.4","Land","Commercial"
"76845721","Palm Jabal Ali","2974.67","2026","16","2026-01-02 11:16:34","76845721","2974.67","Land","Commercial"
"77153617","Al Bada","5734.25","2026","796","2026-02-04 08:23:08","77153617","5734.25","Land","Commercial"
"77182732","World Islands","75479.13","2026","1070","2026-02-16 09:22:27","77182732","75479.13","Land","Commercial"
"77632169","Al Warsan Third","48081.81","2026","406","2026-01-15 11:13:42","77632169","48081.81","Land","Warehouse"
"77762009","Al Barshaa South Third","5557.18","2026","149","2026-01-07 11:12:53","77762009","5557.18","Land","Residential"
"78000000","Al Bada","2072.48","2026","569","2026-01-23 10:18:00","78000000","2072.48","Land","Commercial"
"78108273","World Islands","72565.03","2026","1046","2026-02-13 10:02:25","78108273","72565.03","Land","Commercial"
"78186924","Ras Al Khor Industrial First","2686.2","2026","728","2026-02-02 12:41:21","78186924","2690.3","Land","Commercial"
"78421125","Al Merkadh","4553.48","2026","1910","2026-04-13 14:05:43","78421125","4553.48","Land",""
"78502334","Al Jadaf","5834.49","2026","271","2026-01-12 15:23:59","78502334","5834.49","Land","Commercial"
"78581981","Al Hudaiba","6083.76","2026","1322","2026-02-27 10:26:39","78581981","6083.76","Land",""
"78665928","Al Satwa","4429.28","2026","1345","2026-03-02 12:32:22","78665928","4429.28","Land","Commercial"
"79343532","Palm Deira","5897.01","2026","703","2026-02-02 08:26:59","79343532","5897.01","Land","Commercial"
"79994212","Nad Al Shiba First","13636.17","2026","334","2026-01-14 08:41:30","79994212","13636.17","Land","Sports Club"
"80000000","Al Murqabat","2165.85","2026","1920","2026-04-13 14:55:56","80000000","2165.85","Land","Residential"
"80000000","Al Raffa","3449.12","2026","1282","2026-02-25 12:57:03","80000000","3449.12","Land","Commercial"
"80000000","Jumeirah First","6408.73","2026","1258","2026-02-24 13:16:06","80000000","6408.73","Land","Residential"
"80008396","Al Rowaiyah Second","46456.45","2026","343","2026-01-14 10:17:29","80008396","46456.44","Land",""
"82000000","Al Nahda Second","2569","2026","182","2026-01-08 12:48:17","82000000","2568.95","Land","Commercial"
"82257873","Al Satwa","4702.77","2026","1346","2026-03-02 12:36:48","82257873","4702.77","Land","Commercial"
"82289397","Marsa Dubai","8994.05","2026","1694","2026-03-31 10:29:16","82289397","8994.05","Land","Commercial"
"82663510","World Islands","63997.49","2026","1075","2026-02-16 09:36:58","82663510","63997.49","Land","Commercial"
"84226845","Wadi Al Safa 4","4173.3","2026","253","2026-01-12 11:36:28","84226845","4173.3","Land","Residential"
"84658074","Bukadra","3575","2026","2049","2026-04-21 08:04:35","84658074","3575","Land","Sports Club"
"85000000","Al Goze Industrial First","6400.55","2026","1991","2026-04-17 10:47:33","85000000","6400.55","Land","Industrial"
"85000000","Al Thanyah First","3169.82","2026","1554","2026-03-18 12:41:03","85000000","3169.82","Land","Commercial"
"86247417","World Islands","57233.25","2026","1022","2026-02-12 13:14:42","86247417","57233.25","Land","Commercial"
"86870007","Wadi Al Safa 4","4281.43","2026","252","2026-01-12 11:33:00","86870007","4281.43","Land","Residential"
"87452974","Saih Shuaib 1","32498.62","2026","1370","2026-03-04 10:49:50","87452974","32498.62","Land",""
"87508699","Al Saffa First","3387.43","2026","1962","2026-04-16 11:41:24","87508699","3387.43","Land",""
"87983812","Jabal Ali First","10547.06","2026","1763","2026-04-03 12:38:51","87983812","10547.06","Land","Commercial"
"88026485","World Islands","81779.36","2026","1038","2026-02-13 08:17:20","88026485","81779.36","Land","Commercial"
"88445750","World Islands","58692.05","2026","1012","2026-02-12 12:14:54","88445750","58692.05","Land","Commercial"
"88637371","Al Jadaf","4732.58","2026","504","2026-01-20 17:37:36","88637371","4732.58","Land","Commercial"
"89354040","Jumeirah First","8301.27","2026","1267","2026-02-25 09:35:07","89354040","8301.27","Land","Residential"
"89927083","Saih Shuaib 2","33418.03","2026","1647","2026-03-26 12:31:32","89927083","33418.03","Land","Industrial"
"89980112","Al Thanyah First","4644.13","2026","1951","2026-04-16 10:13:21","89980112","4644.13","Land",""
"90000000","Ras Al Khor Industrial First","5440.03","2026","1385","2026-03-05 10:11:00","90000000","5440.03","Land","Warehouse"
"90000000","Al Rowaiyah First","4393.24","2026","1930","2026-04-14 12:38:47","90000000","4393.24","Land","Residential"
"90046051","Al Khairan First","41827.8","2026","1969","2026-04-16 13:38:27","90046051","41827.8","Land","Residential"
"90536885","Al Raffa","5607.44","2026","976","2026-02-11 12:40:22","90536885","5607.44","Land","Commercial"
"91283968","World Islands","62819.01","2026","1021","2026-02-12 13:11:29","91283968","62819.01","Land","Commercial"
"91683000","Al Yelayiss 1","77433.07","2026","2087","2026-04-22 12:46:42","91683000","77433.07","Land","Residential"
"91916363","World Islands","65687.06","2026","989","2026-02-12 09:09:07","91916363","65687.06","Land","Commercial"
"92015600","World Islands","71237.81","2026","999","2026-02-12 09:34:42","92015600","71237.81","Land","Commercial"
"92111125","World Islands","61124.37","2026","1025","2026-02-12 13:25:21","92111125","61124.37","Land","Commercial"
"92977040","Wadi Al Safa 5","4798.81","2026","1625","2026-03-25 12:47:53","92977040","4798.81","Land","Commercial"
"93591443","Nad Al Shiba Fourth","43474.69","2026","1718","2026-04-01 08:10:33","93591443","43474.69","Land","Clinic"
"93958126","Al Barshaa South Third","14548.34","2026","1795","2026-04-07 08:56:49","93958126","14548.34","Land",""
"94611826","Wadi Al Safa 4","3959.34","2026","251","2026-01-12 11:27:52","94611826","3959.34","Land","Residential"
"95000000","Al Thanyah First","1974.65","2026","1972","2026-04-16 14:28:53","95000000","1974.65","Land","Commercial"
"95000000","Jumeirah First","4386.88","2026","568","2026-01-23 10:13:34","95000000","4386.88","Land","Residential"
"95000000","AL QUSAIS","2787.09","2026","1990","2026-04-17 10:24:38","95000000","2787.09","Land","Residential"
"95484135","Marsa Dubai","3548.31","2026","1968","2026-04-16 12:48:39","95484135","3548.31","Land","Residential Flats"
"95795692","World Islands","74164.33","2026","1019","2026-02-12 13:06:23","95795692","74164.33","Land","Commercial"
"96000000","Al Barsha First","1506.7","2026","1036","2026-02-12 22:43:02","96000000","1506.7","Land","Commercial"
"96960296","Wadi Al Safa 3","5147.38","2026","979","2026-02-11 13:23:42","96960296","5147.38","Land","Residential"
"98041820","Ras Al Khor Industrial First","5283.29","2026","1785","2026-04-06 13:15:57","98041820","5283.29","Land","Commercial"
"98103799","Jumeirah First","3038.05","2026","86","2026-01-06 10:00:39","98103799","3038.05","Land","General Use"
"98504878","Al Goze Industrial Third","16638.93","2026","2055","2026-04-21 10:28:26","98504878","16638.93","Land","Industrial"
"98534000","Al Goze Fourth","26154.62","2026","1683","2026-03-31 07:38:36","98534000","26154.62","Land",""
"99504699","Rega Al Buteen","4019.26","2026","1213","2026-02-23 12:56:39","99504699","4019.26","Land","Commercial"
"100000000","Wadi Al Amardi","15349.72","2026","886","2026-02-09 09:59:45","100000000","15349.72","Land","General Use"
"100000000","Al Goze Third","5462.7","2026","570","2026-01-23 10:22:09","100000000","5462.7","Land","Industrial"
"100568598","Palm Deira","7474.51","2026","702","2026-02-02 08:11:19","100568598","7474.51","Land","Commercial"
"100649596","Palm Deira","7480.53","2026","695","2026-01-30 10:27:13","100649596","7480.53","Land","Commercial"
"100666637","Al Murqabat","12345.79","2026","1714","2026-04-01 07:47:53","100666637","12345.79","Land","Organizations"
"101812339","Wadi Al Safa 4","4203.86","2026","2033","2026-04-20 11:16:58","101812339","4203.86","Land","Residential"
"102454191","World Islands","100192.79","2026","1039","2026-02-13 08:23:13","102454191","100192.79","Land","Commercial"
"102496006","Wadi Al Safa 4","6223.66","2026","2034","2026-04-20 11:25:55","102496006","6223.66","Land","Residential"
"103000000","Business Bay","2724.44","2026","2144","2026-04-27 09:41:01","103000000","2724.44","Unit","Flat"
"103191098","Bukadra","3994.49","2026","857","2026-02-06 08:54:06","103191098","3994.49","Land","Sports Club"
"103593330","World Islands","68743.89","2026","995","2026-02-12 09:24:28","103593330","68743.89","Land","Commercial"
"104378238","Wadi Al Safa 2","4617.65","2026","1574","2026-03-23 12:42:52","104378238","4617.65","Land","Residential"
"104424846","Al Goze First","19402.79","2026","2111","2026-04-23 10:50:05","104424846","19402.79","Land","Industrial"
"104739976","World Islands","67108.08","2026","994","2026-02-12 09:22:02","104739976","67108.08","Land","Commercial"
"105000000","Business Bay","2782.64","2026","2143","2026-04-27 09:38:57","105000000","2782.64","Unit","Flat"
"105443819","Al Jadaf","5629.92","2026","718","2026-02-02 10:26:35","105443819","5629.92","Land","Commercial"
"105453116","Al Yelayiss 1","89062.95","2026","2090","2026-04-22 12:54:37","105453116","89062.95","Land","Residential"
"106269224","Al Warsan Third","131636.58","2026","1655","2026-03-27 10:01:49","106269224","131636.58","Land",""
"108374794","World Islands","83902.98","2026","997","2026-02-12 09:29:56","108374794","83902.98","Land","Commercial"
"109794880","Business Bay","3187.59","2026","956","2026-02-11 11:05:07","109794880","3187.59","Land","Residential"
"110000000","Al Warqa First","5574.23","2026","1335","2026-03-02 10:04:35","110000000","5574.23","Land",""
"110000000","Al Satwa","13679.88","2026","2013","2026-04-17 15:04:57","110000000","13679.51","Land","School"
"110587022","Jumeirah First","718.66","2026","1698","2026-03-31 10:53:16","110587022","15805.97","Land","Residential"
"111473889","World Islands","79663.64","2026","998","2026-02-12 09:32:24","111473889","79663.64","Land","Commercial"
"112242458","World Islands","80212.89","2026","987","2026-02-12 09:02:55","112242458","80212.89","Land","Commercial"
"113263342","Wadi Al Safa 4","15032.17","2026","256","2026-01-12 11:51:03","113263342","15032.17","Land","Residential"
"114597431","Al Merkadh","4839.3","2026","1490","2026-03-13 14:12:17","114597431","4839.3","Land","Residential"
"115000000","Rega Al Buteen","1466.01","2026","754","2026-02-02 21:54:23","115000000","1466.01","Land","Commercial"
"115000000","Al Hebiah First","10673.22","2026","1287","2026-02-26 08:25:19","115000000","10673.22","Land","Commercial"
"115048288","Ghadeer Al tair","35627.82","2026","1230","2026-02-24 09:29:27","115048288","35627.82","Land","Commercial"
"117152177","World Islands","80620.77","2026","1011","2026-02-12 12:02:11","117152177","80620.77","Land","Commercial"
"119882969","Madinat Hind 1","8567.31","2026","350","2026-01-14 11:10:45","119882969","8567.31","Land",""
"119999832","Trade Center Second","929.03","2026","1652","2026-03-26 15:07:40","119999832","929.03","Land","Commercial"
"120000000","Mankhool","3722.07","2026","221","2026-01-09 09:59:10","120000000","3722.07","Land","Commercial"
"120000000","Jumeirah First","4683.61","2026","1033","2026-02-12 21:50:05","120000000","4683.61","Land","Residential"
"120000000","Palm Jumeirah","1533.14","2026","811","2026-02-04 12:33:17","120000000","1533.14","Land","Commercial"
"120000000","Al Jafliya","5443.37","2026","544","2026-01-22 10:20:47","120000000","5443.37","Land",""
"122060688","Al Thanyah Fifth","1889.97","2026","839","2026-02-05 11:31:19","122060688","1889.97","Land","Residential"
"124804121","Nad Al Shiba Second","17837.99","2026","1154","2026-02-18 11:43:57","124804121","17837.99","Land","Shopping Mall"
"124904993","Wadi Al Amardi","96700.54","2026","411","2026-01-15 13:33:54","124904993","96700.54","Land","Agricultural"
"125000000","Hor Al Anz East","3716.12","2026","571","2026-01-23 10:26:35","125000000","3716.12","Land","Commercial"
"125250000","Zaabeel First","36471.23","2026","819","2026-02-05 09:10:27","125250000","36471.23","Land","Organizations"
"125477602","World Islands","97143.85","2026","1016","2026-02-12 12:37:21","125477602","97143.85","Land","Commercial"
"126116203","Um Suqaim Second","11716.59","2026","733","2026-02-02 13:13:15","126116203","11716.59","Land",""
"127581213","Al Thanyah First","5644.14","2026","242","2026-01-12 08:40:28","127581213","5644.14","Land","Commercial"
"130000000","Al Mizhar First","33758.72","2026","161","2026-01-07 14:39:13","130000000","33758.72","Land","Residential"
"130000000","AL TWAR FIFTH","5167.27","2026","261","2026-01-12 13:09:17","130000000","5167.27","Land","Commercial"
"130013876","Jumeirah Second","5032.79","2026","1372","2026-03-04 11:13:07","130013876","5032.79","Land",""
"130271639","World Islands","86447.45","2026","1017","2026-02-12 12:44:11","130271639","86447.45","Land","Commercial"
"130862744","Nad Al Shiba First","23838.35","2026","336","2026-01-14 08:46:38","130862744","23838.35","Land","Sports Club"
"131212306","Muhaisanah Second","39322.69","2026","830","2026-02-05 11:02:11","131212306","39322.69","Land","Hospital"
"131335219","World Islands","93857.33","2026","996","2026-02-12 09:27:16","131335219","93857.33","Land","Commercial"
"132225405","Palm Deira","40947.18","2026","1237","2026-02-24 09:52:36","132225405","40947.18","Land","Commercial"
"134280288","Nad Al Shiba First","24460.9","2026","333","2026-01-14 08:38:53","134280288","24460.9","Land","Sports Club"
"135000000","Rega Al Buteen","1970.29","2026","548","2026-01-22 12:32:40","135000000","1970.29","Land","Commercial"
"135000000","Al Barshaa South Third","5557.18","2026","547","2026-01-22 11:28:12","135000000","5557.18","Land","Residential"
"137072667","Saih Shuaib 2","70747.11","2026","2052","2026-04-21 09:15:08","137072667","70747.11","Land","Industrial"
"140355874","Al Qusais Industrial First","52158","2026","1376","2026-03-04 12:10:52","140355874","52158","Land",""
"145000000","Um Suqaim Second","12319.41","2026","1912","2026-04-13 14:16:12","145000000","12319.41","Land","Residential / Villas"
"148968170","Al Ttay","152645.73","2026","2076","2026-04-22 09:53:09","148968170","152645.73","Land",""
"150696753","Wadi Al Safa 4","14000.2","2026","257","2026-01-12 11:53:40","150696753","14000.2","Land","Residential"
"150934619","Al Yelayiss 2","40063.71","2026","1779","2026-04-06 12:27:29","150934619","40063.71","Land",""
"152903675","Al Safouh Second","28410.46","2026","166","2026-01-08 09:53:51","152903675","28410.46","Land","Residential"
"154170599","Al Jadaf","9946.48","2026","1727","2026-04-01 12:36:36","154170599","9946.48","Land","Commercial"
"156839342","Al Hebiah Second","34284.39","2026","1581","2026-03-24 07:30:11","156839342","34284.39","Land","Land"
"158751681","Al Jadaf","9217.83","2026","901","2026-02-09 13:00:36","158751681","9217.83","Land","Commercial"
"158751681","Al Jadaf","9217.83","2026","663","2026-01-28 12:58:03","158751681","9217.83","Land","Commercial"
"159109126","World Islands","113705.66","2026","992","2026-02-12 09:18:00","159109126","113705.66","Land","Commercial"
"160000000","Al Murqabat","5857.63","2026","22","2026-01-02 14:09:05","160000000","5857.63","Land","Commercial"
"162734991","Al Thanyah Fifth","2629.32","2026","1296","2026-02-26 10:47:40","162734991","2629.32","Land","Residential"
"165000000","Al Murqabat","4430.54","2026","2077","2026-04-22 10:24:44","165000000","4430.54","Land","Commercial"
"175000000","Palm Jumeirah","2702.85","2026","2097","2026-04-22 13:25:58","175000000","2702.85","Land","Commercial"
"175000000","Wadi Al Amardi","15349.72","2026","2188","2026-04-29 12:48:26","175000000","15349.72","Land","General Use"
"177703755","Al Qusais Industrial Second","140936.45","2026","90","2026-01-06 11:19:18","177703755","165092.35","Land","School"
"179999748","Burj Khalifa","929.03","2026","2191","2026-04-29 13:38:30","179999748","929.03","Land","Commercial"
"180000000","Al Bada","3592.47","2026","1994","2026-04-17 11:18:20","180000000","3592.47","Land","Residential"
"182203172","World Islands","135417.96","2026","991","2026-02-12 09:15:25","182203172","135417.96","Land","Commercial"
"185441761","Jabal Ali Industrial Second","17228.12","2026","509","2026-01-21 09:19:45","185441761","17228.12","Land","Residential"
"197068000","Al Goze Fourth","26154.62","2026","1964","2026-04-16 11:51:48","197068000","26154.62","Land",""
"200000000","Al Garhoud","14845.91","2026","1940","2026-04-15 09:16:42","200000000","14845.91","Land","Commercial"
"202699506","World Islands","251085.58","2026","1082","2026-02-16 09:55:56","202699506","251085.58","Land","Commercial"
"212775936","Marsa Dubai","4047.41","2026","1277","2026-02-25 11:24:24","212775936","4047.41","Land","Residential Flats"
"224569398","Al Qusais Industrial First","52158","2026","156","2026-01-07 13:18:53","224569398","52158","Land",""
"225000000","Al Nahda First","2322.58","2026","95","2026-01-06 12:19:08","225000000","2322.58","Land","Commercial"
"225159045","Al Barsha First","23242.2","2026","908","2026-02-09 13:49:44","225159045","23242.2","Land","School"
"226693262","Hadaeq Sheikh Mohammed Bin Rashid","131628.21","2026","1937","2026-04-15 08:45:47","226693262","131628.21","Land",""
"230000000","Al Nahda Second","6015.47","2026","1901","2026-04-13 12:13:52","230000000","6015.47","Land","Commercial"
"232978846","Madinat Al Mataar","54111.16","2026","24","2026-01-02 18:06:51","232978846","54111.16","Land","Airport"
"241576791","Madinat Al Mataar","56108.1","2026","25","2026-01-02 18:20:22","241576791","56108.1","Land","Airport"
"245000000","Hor Al Anz East","11287.72","2026","572","2026-01-23 10:30:29","245000000","11287.72","Land","Residential"
"255244899","Al Satwa","4742.61","2026","2166","2026-04-28 10:05:49","255244899","4742.61","Land","Commercial"
"270000591","Business Bay","1393.55","2026","2038","2026-04-20 13:02:31","270000591","1393.55","Land","General Use"
"280104664","Jabal Ali First","144570","2026","2065","2026-04-21 12:42:25","280104664","144570","Land","Residential Flats"
"290309925","OUD AL MUTEENA","176707.9","2026","1715","2026-04-01 07:53:20","290309925","176707.9","Land",""
"291543521","Jumeirah Second","7919.68","2026","905","2026-02-09 13:42:47","291543521","7919.68","Land","General Use"
"297955451","Al Qusais Industrial Fifth","62911.35","2026","724","2026-02-02 11:47:50","297955451","62911.35","Land","Labor Camp"
"300000000","Al Bada","7098.16","2026","93","2026-01-06 12:06:04","300000000","7098.16","Land",""
"310000000","Mirdif","11541.35","2026","2189","2026-04-29 12:59:55","310000000","11541.35","Land","hospital/Nursing School"
"312417451","Al Hebiah Second","96748.53","2026","530","2026-01-21 13:21:40","312417451","96748.53","Land","Residential Flats"
"315000000","Trade Center First","929.03","2026","755","2026-02-02 22:11:39","315000000","929.03","Land","Commercial"
"323166533","Al Yelayiss 1","283237.57","2026","2089","2026-04-22 12:52:26","323166533","283237.57","Land","Residential"
"324000709","Trade Center First","1393.55","2026","1244","2026-02-24 11:47:17","324000709","1393.55","Land","Commercial"
"330000000","Al Jadaf","2561.15","2026","1085","2026-02-16 10:32:23","330000000","2561.15","Land","Commercial"
"335000000","Trade Center First","929.03","2026","1800","2026-04-07 11:53:24","335000000","929.03","Land","Commercial"
"341582847","Al Qusais Industrial Fifth","72122.99","2026","734","2026-02-02 13:23:17","341582847","72122.99","Land","Labor Camp"
"350000000","Business Bay","4800.02","2026","1744","2026-04-02 08:46:48","350000000","4800.02","Land","Residential"
"353459187","Jumeirah Second","6957.09","2026","904","2026-02-09 13:39:40","353459187","6957.09","Land","General Use"
"360536831","Al Kifaf","9570","2026","1820","2026-04-08 12:15:05","360536831","9570","Land","Commercial"
"370000000","Marsa Dubai","3840.61","2026","2059","2026-04-21 11:47:52","370000000","3840.61","Land","Commercial"
"371847601","Al Yelayiss 1","325903.83","2026","2091","2026-04-22 12:56:31","371847601","325903.83","Land","Residential"
"380000000","Burj Khalifa","929.03","2026","168","2026-01-08 10:03:42","380000000","929.03","Land","Commercial"
"387337973","Jumeirah Second","23989.94","2026","1295","2026-02-26 10:15:30","387337973","23989.94","Land","General Use"
"388745326","Um Hurair Second","55562.55","2026","1756","2026-04-02 15:03:08","388745326","55562.55","Land","Commercial"
"400000000","Al Mamzer","10182.45","2026","639","2026-01-27 09:31:27","400000000","10182.45","Land","Commercial"
"416777444","Al Thanyah Fifth","20378.91","2026","1862","2026-04-09 13:48:43","416777444","20378.91","Land","Commercial"
"430000000","Al Mamzer","7625.48","2026","1836","2026-04-09 08:41:11","430000000","7625.48","Land","Residential"
"442650862","Palm Deira","91385.89","2026","1577","2026-03-23 13:34:18","442650862","91385.89","Land","Commercial"
"446761526","Wadi Al Safa 4","144115.87","2026","1161","2026-02-18 12:59:20","446761526","144115.87","Land","Residential"
"453708556","Hadaeq Sheikh Mohammed Bin Rashid","271941.58","2026","1938","2026-04-15 08:49:02","453708556","271941.58","Land","General Use"
"492875464","Al Yelayiss 1","440285.32","2026","2088","2026-04-22 12:50:58","492875464","440285.32","Land","Residential"
"498251523","Al-Cornich","71214.04","2026","487","2026-01-20 12:01:55","498251523","71214.04","Land","Commercial"
"507078438","Saih Shuaib 2","168247.05","2026","923","2026-02-10 09:32:43","507078438","168247.05","Land","Industrial"
"512918812","Madinat Al Mataar","227290.8","2026","659","2026-01-28 10:08:17","512918812","158839.21","Land","Airport"
"515000000","Al Rowaiyah Third","1000001.25","2026","1716","2026-04-01 07:59:29","515000000","1000001.25","Land","General Authority"
"518652326","Saih Shuaib 2","172087.23","2026","925","2026-02-10 09:39:23","518652326","172087.23","Land","Industrial"
"520290716","Al Kifaf","9120.12","2026","152","2026-01-07 13:00:06","520290716","9120.12","Land","Commercial"
"520714687","Al Thanyah Third","38393.68","2026","420","2026-01-16 08:05:09","520714687","38393.67","Land","Land"
"542856293","Me'Aisem First","96062.95","2026","820","2026-02-05 09:28:02","542856293","96062.95","Land","Residential Flats"
"550000000","Madinat Hind 1","72445.25","2026","354","2026-01-14 11:23:11","550000000","72445.25","Land","Residential"
"559999217","Wadi Al Safa 4","185806","2026","1644","2026-03-26 11:45:11","559999217","185806","Land","Residential"
"561423044","Um Hurair Second","86929.93","2026","1397","2026-03-05 12:31:16","561423044","86929.93","Land","General Services"
"580588997","Al Wasl","6345.71","2026","1431","2026-03-10 09:52:58","580588997","6346","Land","Commercial"
"602425936","Al Yelayiss 1","559672.55","2026","2094","2026-04-22 13:04:09","602425936","559672.55","Land","Residential"
"643436718","Al Yelayiss 1","597772.85","2026","2092","2026-04-22 12:58:07","643436718","597772.85","Land","Residential"
"671999060","Trade Center First","3716.12","2026","1421","2026-03-09 13:08:22","671999060","3716.12","Land","Commercial"
"671999060","Trade Center First","3716.12","2026","1421","2026-03-09 13:08:22","671999060","3716.12","Land","Commercial"
"705422950","Trade Center First","8192","2026","1135","2026-02-17 10:43:00","705422950","8192","Land","Commercial"
"800000000","AL QUSAIS","18339.06","2026","1097","2026-02-16 12:34:30","800000000","18339.06","Land","Commercial"
"825000000","Al Satwa","12253.91","2026","2058","2026-04-21 11:34:03","825000000","12253.91","Land","Commercial"
"869837497","Al Yelayiss 5","621620.2","2026","1949","2026-04-16 09:59:39","869837497","621620.2","Land",""
"893806787","Bukadra","31937.48","2026","1755","2026-04-02 14:25:16","893806787","31937.48","Land","Commercial / Offices / Residential"
"893806787","Bukadra","31937.48","2026","1755","2026-04-02 14:25:16","893806787","31937.48","Land","Commercial / Offices / Residential"
"900000000","Madinat Hind 1","120459.68","2026","352","2026-01-14 11:18:25","900000000","120459.68","Land",""
"916730553","Al Yelayiss 1","946301.53","2026","2093","2026-04-22 12:59:44","916730553","946301.53","Land","Residential"
"1049698434","Mushrif","487601.35","2026","615","2026-01-26 12:54:44","1049698434","487601.35","Land","General Use"
"1245095107","Dubai Investment Park First","330494.95","2026","60","2026-01-05 13:31:54","1245095107","330494.95","Land","Commercial"
"1345527428","Al Twar First","498900","2026","2071","2026-04-22 09:04:41","1345527428","498900","Land","General Authority"
"1385839009","Hadaeq Sheikh Mohammed Bin Rashid","858325.21","2026","1936","2026-04-15 08:41:10","1385839009","858325.21","Land","Land"
"1671961732","Nad Al Shiba First","1035536.52","2026","906","2026-02-09 13:48:20","1671961732","1035536.52","Land","Commercial / Offices / Residential"
"1852898059","Al Layan1","1324154.07","2026","726","2026-02-02 12:17:16","1852898059","1324154.07","Land","Labor Camp"
"2334525928","Umm Addamin","30983537.94","2026","1336","2026-03-02 10:27:24","2334525928","30983537.94","Land","Agricultural"
"3511935715","Burj Khalifa","326269.82","2026","1303","2026-02-26 12:13:25","3511935715","326269.82","Land","Commercial"
"","Al Karama","211.35","2026","1746","2026-04-02 10:48:29","1820000","211.35","Land","Commercial"
